year,month,day,hour,38,42,44,45,46,48,52,95,97,100,102,103,310,311,312,313,331,375,387,401,418,449,451,640,643,669,936,1006,1414,1416,1483,1669,1810,1814,1815,1816,1817,1818
2013.0,8.0,27.0,17.0,31.911145302767487,10.131302940782703,15.102395583726748,0.0,0.0,0.0,0.0,0.0,0.0,0.0,0.0,0.0,0.0,0.21484588204376392,20.08457564645792,0.09210710162918362,0.0,0.0,0.036354559923433394,0.0,0.0,1.2377102616086157,0.0,0.0,0.0,0.0,0.0,0.0,0.0,0.0,0.0,0.0,0.04790929948140338,137.60318942763567,178.23455602139163,0.0,191.2124884900286,31.851063640710578
2013.0,8.0,27.0,17.0,31.911145302767487,10.131302940782703,15.102395583726748,0.0,0.0,0.0,0.0,0.0,0.0,0.0,0.0,0.0,0.0,0.0,20.08457564645792,0.09210710162918362,0.0,0.0,0.0,0.0,0.0,1.2377102616086157,0.0,0.0,0.0,0.0,0.0,0.0,0.0,0.0,0.0,0.0,0.04790929948140338,137.60318942763567,178.23455602139163,0.0,191.2124884900286,31.851063640710578
2013.0,8.0,27.0,17.0,31.911145302767487,10.131302940782703,15.102395583726748,0.0,0.0,0.0,0.0,0.0,0.0,0.0,0.0,0.0,0.0,0.21456894703183976,20.08457564645792,0.09210710162918362,0.0,0.0,0.0,0.0,0.0,1.2377102616086157,0.0,0.0,0.0,0.0,0.0,0.0,0.0,0.0,0.0,0.0,0.04790929948140338,137.60318942763567,178.23455602139163,0.0,191.2124884900286,31.851063640710578
2013.0,8.0,27.0,17.0,31.911145302767487,10.131302940782703,15.102395583726748,0.0,0.0,0.0,0.0,0.0,0.0,0.0,0.0,0.0,0.0,0.0,20.08457564645792,0.09210710162918362,0.0,0.0,0.0,0.0,0.0,1.2377102616086157,0.0,0.0,0.0,0.0,0.0,0.0,0.0,0.0,0.0,0.0,0.04790929948140338,137.60318942763567,178.23455602139163,0.0,191.2124884900286,31.851063640710578
2013.0,8.0,27.0,17.0,31.911145302767487,10.131302940782703,15.102395583726748,0.0,0.0,0.0,0.0,0.0,0.0,0.0,0.0,0.0,0.0,0.21118652536220248,20.08457564645792,0.09210710162918362,0.0,0.0,0.0,0.0,0.0,1.2377102616086157,0.0,0.0,0.0,0.0,0.0,0.0,0.0,0.0,0.0,0.0,0.04790929948140338,137.60318942763567,178.23455602139163,0.0,191.2124884900286,31.851063640710578
2013.0,8.0,27.0,17.0,31.911145302767487,10.131302940782703,15.102395583726748,0.0,0.0,0.0,0.0,0.0,0.0,0.0,0.0,0.0,0.0,0.0,20.08457564645792,0.09210710162918362,0.0,0.0,0.0,0.0,0.0,1.2377102616086157,0.0,0.0,0.0,0.0,0.0,0.0,0.0,0.0,0.0,0.0,0.04790929948140338,137.60318942763567,178.23455602139163,0.0,191.2124884900286,31.851063640710578
2013.0,8.0,27.0,17.0,31.911145302767487,10.131302940782703,15.102395583726748,0.0,0.0,0.0,0.0,0.0,0.0,0.0,0.0,0.0,0.0,0.2104779149720821,20.08457564645792,0.2165905800104368,0.0,0.0,0.03341375538347153,0.0,0.0,1.2377102616086157,0.0,0.0,0.0,0.0,0.0,0.0,0.0,0.0,0.0,0.0,0.04790929948140338,137.60318942763567,178.23455602139163,0.0,191.2124884900286,31.851063640710578
2013.0,8.0,27.0,17.0,31.911145302767487,10.131302940782703,15.102395583726748,0.0,0.0,0.0,0.0,0.0,0.0,0.0,0.0,0.0,0.0,0.0,20.08457564645792,0.0,0.0,0.0,0.0,0.0,0.0,1.2377102616086157,0.0,0.0,0.0,0.0,0.0,0.0,0.0,0.0,0.0,0.0,0.04790929948140338,137.60318942763567,178.23455602139163,0.0,191.2124884900286,31.851063640710578
2013.0,8.0,27.0,17.0,31.911145302767487,10.131302940782703,15.102395583726748,0.0,0.0,0.0,0.0,0.0,0.0,0.0,0.0,0.0,0.0,0.0,20.08457564645792,0.0,0.0,0.0,0.0,0.0,0.0,1.2377102616086157,0.0,0.0,0.0,0.0,0.0,0.0,0.0,0.0,0.0,0.0,0.04790929948140338,137.60318942763567,178.23455602139163,0.0,191.2124884900286,31.851063640710578
2013.0,8.0,27.0,17.0,31.911145302767487,10.131302940782703,15.102395583726748,0.0,0.0,0.0,0.0,0.0,0.0,0.0,0.0,0.0,0.0,0.21416900190955096,20.08457564645792,0.0,0.0,0.0,0.0,0.0,0.0,1.2377102616086157,0.0,0.0,0.0,0.0,0.0,0.0,0.0,0.0,0.0,0.0,0.04790929948140338,137.60318942763567,178.23455602139163,0.0,122.94700749614867,0.0
2013.0,8.0,27.0,17.0,31.911145302767487,10.131302940782703,15.102395583726748,0.0,0.0,0.0,0.0,0.0,0.0,0.0,0.0,0.0,0.0,0.0,20.08457564645792,0.21588591746510008,0.0,0.0,0.0,0.0,0.0,1.2377102616086157,0.0,0.0,0.0,0.0,0.0,0.0,0.0,0.0,0.0,0.0,0.04790929948140338,137.60318942763567,178.23455602139163,0.0,0.0,0.0
2013.0,8.0,27.0,17.0,31.911145302767487,10.131302940782703,15.102395583726748,0.0,0.0,0.0,0.0,0.0,0.0,0.0,0.0,0.0,0.0,0.0,20.08457564645792,0.0,0.0,0.0,0.0,0.0,0.0,1.2377102616086157,0.0,0.0,0.0,0.0,0.0,0.0,0.0,0.0,0.0,0.0,0.04790929948140338,137.60318942763567,178.23455602139163,0.0,0.0,0.0
2013.0,8.0,27.0,17.0,31.911145302767487,10.131302940782703,15.102395583726748,0.0,0.0,0.0,0.0,0.0,0.0,0.0,0.0,0.0,0.0,0.21128795979711038,20.08457564645792,0.21738618701438614,0.0,0.0,0.0,0.0,0.0,1.2377102616086157,0.0,0.0,0.0,0.0,0.0,0.0,0.0,0.0,0.0,0.0,0.04790929948140338,137.60318942763567,946.762022197342,0.0,0.0,0.0
2013.0,8.0,27.0,17.0,31.911145302767487,10.131302940782703,15.102395583726748,0.0,0.0,0.0,0.0,0.0,0.0,0.0,0.0,0.0,0.0,0.21264191348606348,20.08457564645792,0.08579685404590534,0.0,0.0,0.0,0.0,0.0,1.2377102616086157,0.0,0.0,0.0,0.0,0.0,0.0,0.0,0.0,0.0,0.0,0.04790929948140338,674.2326426645922,950.7909593806678,0.0,0.0,0.0
2013.0,8.0,27.0,17.0,31.911145302767487,10.131302940782703,15.102395583726748,0.0,0.0,0.0,0.0,0.0,0.0,0.0,0.0,0.0,0.0,0.0,20.08457564645792,0.0,0.0,0.0,0.0,0.0,0.0,1.2377102616086157,0.0,0.0,0.0,0.0,0.0,0.0,0.0,0.0,0.0,0.0,0.04790929948140338,478.4158381208705,923.6345953867328,0.0,0.0,0.0
2013.0,8.0,27.0,17.0,31.911145302767487,10.131302940782703,15.102395583726748,0.0,0.0,0.0,0.0,0.0,0.0,0.0,0.0,0.0,0.0,0.0,20.08457564645792,0.04437147217573733,0.0,0.0,0.0,0.0,0.0,1.2377102616086157,0.0,0.0,0.0,0.0,0.0,0.0,0.0,0.0,0.0,0.0,0.04790929948140338,484.47936118939054,972.7041049338644,0.0,701.2849036387227,52.68912672089079
2013.0,8.0,27.0,17.0,31.911145302767487,10.131302940782703,15.102395583726748,0.0,0.0,0.0,0.0,0.0,0.0,0.0,0.0,0.0,0.0,0.0,20.08457564645792,0.0,0.0,0.0,0.0,0.0,0.0,1.2377102616086157,0.0,0.0,0.0,0.0,0.0,0.0,0.0,0.0,0.0,0.0,0.04790929948140338,679.0603851088608,109.68104452192019,0.0,0.0,0.0
2013.0,8.0,27.0,17.0,31.911145302767487,10.131302940782703,15.102395583726748,0.0,0.0,0.0,0.0,0.0,0.0,0.0,0.0,0.0,0.0,0.21306656416471145,20.08457564645792,0.0,0.0,0.0,0.0,0.0,0.0,1.2377102616086157,0.0,0.0,0.0,0.0,0.0,0.0,0.0,0.0,0.0,0.0,0.04790929948140338,675.4472979572372,848.104672789554,0.0,0.0,0.0
2013.0,8.0,27.0,17.0,31.911145302767487,10.131302940782703,15.102395583726748,0.0,0.0,0.0,0.0,0.0,0.0,0.0,0.0,0.0,0.0,0.0,20.08457564645792,0.21552608702337345,0.0,0.0,0.0,0.0,0.0,1.2377102616086157,0.0,0.0,0.0,0.0,0.0,0.0,0.0,0.0,0.0,0.0,0.04790929948140338,685.2765549655468,926.2238645228545,0.0,559.3469950190754,45.337534846264724
2013.0,8.0,27.0,17.0,31.911145302767487,10.131302940782703,15.102395583726748,0.0,0.0,0.0,0.0,0.0,0.0,0.0,0.0,0.0,0.0,0.21179871677404438,20.08457564645792,0.0,0.0,0.0,0.0,0.0,0.0,1.2377102616086157,0.0,0.0,0.0,0.0,0.0,0.0,0.0,0.0,0.0,0.0,0.2084522480616712,0.0,973.6064335118831,0.0,0.0,103.50151581269364
2013.0,8.0,27.0,17.0,31.911145302767487,10.131302940782703,15.102395583726748,0.0,0.0,0.0,0.0,0.0,0.0,0.0,0.0,0.0,0.0,0.2135868328112205,0.0,0.01212647988602963,0.0,0.0,0.0,0.0,0.0,1.2377102616086157,0.0,0.0,0.0,0.0,0.0,0.0,0.0,0.0,0.0,0.0,0.0,660.7689396993253,414.6635707467594,0.0,0.0,103.63238938884585
2013.0,8.0,27.0,17.0,31.911145302767487,10.131302940782703,15.102395583726748,0.0,0.0,0.0,0.0,0.0,0.0,0.0,0.0,0.0,0.0,0.0,0.0,0.12316092433341706,0.0,0.0,0.0,0.0,0.0,1.2377102616086157,0.0,0.0,0.0,0.0,0.0,0.0,0.0,0.0,0.0,0.0,0.0,576.8439465284463,738.3672287099281,0.0,0.0,0.0
2013.0,8.0,27.0,17.0,31.911145302767487,10.131302940782703,15.102395583726748,0.0,0.0,0.0,0.0,0.0,0.0,0.0,0.0,0.0,0.0,0.0,59.487221966829274,0.0,0.0,0.0,0.004652657999339659,0.0,0.0,1.2377102616086157,0.0,0.0,0.0,0.0,0.0,0.0,0.0,0.0,0.0,0.0,0.0,629.7636233022249,0.0,0.0,0.0,0.0
2013.0,8.0,27.0,17.0,31.911145302767487,10.131302940782703,15.102395583726748,0.0,0.0,0.0,0.0,0.0,0.0,0.0,0.0,0.0,0.0,0.21206468231958533,58.71395748960459,0.0,0.0,0.0,0.0,0.0,0.0,1.2377102616086157,0.0,0.0,0.0,0.0,0.0,0.0,0.0,0.0,0.0,0.0,0.21023078195196684,0.0,545.9442140713666,0.0,0.0,0.0
2013.0,8.0,27.0,17.0,31.911145302767487,10.131302940782703,15.102395583726748,0.0,0.0,0.0,0.0,0.0,0.0,0.0,0.0,0.0,0.0,0.0,59.50174816460058,0.0,0.0,0.0,0.07778997388672175,0.0,0.0,1.2377102616086157,0.0,0.0,0.0,0.0,0.0,0.0,0.0,0.0,0.0,0.0,0.20885824859178959,384.2703191310434,365.0607263947675,0.0,45.12179515182785,102.59949921287348
2013.0,8.0,27.0,17.0,31.911145302767487,10.131302940782703,15.102395583726748,0.0,0.0,0.0,0.0,0.0,0.0,0.0,0.0,0.0,0.0,0.20989367941899414,59.8001525946683,0.0,0.0,0.0,0.0,0.0,0.0,1.2377102616086157,0.0,0.0,0.0,0.0,0.0,0.0,0.0,0.0,0.0,0.0,0.0,160.87050950501808,378.70577415359554,0.0,686.2522737875071,11.775377783255292
2013.0,8.0,27.0,17.0,31.911145302767487,10.131302940782703,15.102395583726748,0.0,0.0,0.0,0.0,0.0,0.0,0.0,0.0,0.0,0.0,0.0,60.58930617731286,0.21651591503598744,0.0,0.0,0.0,0.0,0.0,1.2377102616086157,0.0,0.0,0.0,0.0,0.0,0.0,0.0,0.0,0.0,0.0,0.0,671.873920861931,0.0,0.0,698.1625241586631,18.34356722383272
2013.0,8.0,27.0,17.0,31.911145302767487,10.131302940782703,15.102395583726748,0.0,0.0,0.0,0.0,0.0,0.0,0.0,0.0,0.0,0.0,0.0,0.0,0.21601879020601117,0.0,0.0,0.0,0.0,0.0,1.2377102616086157,0.0,0.0,0.0,0.0,0.0,0.0,0.0,0.0,0.0,0.0,0.0,296.49467795648906,0.0,0.0,0.0,0.0
2013.0,8.0,27.0,17.0,31.911145302767487,10.131302940782703,15.102395583726748,0.0,0.0,0.0,0.0,0.0,0.0,0.0,0.0,0.0,0.0,0.2103648579936865,0.0,0.0,0.0,0.0,0.0,0.0,0.0,1.2377102616086157,0.0,0.0,0.0,0.0,0.0,0.0,0.0,0.0,0.0,0.0,0.0,246.9032687888544,166.09937574211756,0.0,44.340246841807,0.0
2013.0,8.0,27.0,17.0,31.911145302767487,10.131302940782703,15.102395583726748,0.0,0.0,0.0,0.0,0.0,0.0,0.0,0.0,0.0,0.0,0.0,5.702511675371267,0.0,0.0,0.0,0.0,0.0,0.0,1.2377102616086157,0.0,0.0,0.0,0.0,0.0,0.0,0.0,0.0,0.0,0.0,0.2132267393192527,256.2007415540972,0.0,0.0,0.0,0.0
2013.0,8.0,27.0,17.0,31.911145302767487,10.131302940782703,15.102395583726748,0.0,0.0,0.0,0.0,0.0,0.0,0.0,0.0,0.0,0.0,0.21000516971627833,0.0,0.0,0.0,0.0,0.0,0.0,0.0,1.2377102616086157,0.0,0.0,0.0,0.0,0.0,0.0,0.0,0.0,0.0,0.0,0.0,0.0,89.31840278301678,0.0,57.215806886567144,0.0
2013.0,8.0,27.0,17.0,31.911145302767487,10.131302940782703,15.102395583726748,0.0,0.0,0.0,0.0,0.0,0.0,0.0,0.0,0.0,0.0,0.0,9.168845148940013,0.0,0.0,0.0,0.0,0.0,0.0,1.2377102616086157,0.0,0.0,0.0,0.0,0.0,0.0,0.0,0.0,0.0,0.0,0.21290292850260567,0.0,964.9667113175824,986.3314483077446,0.0,0.0
2013.0,8.0,27.0,17.0,31.911145302767487,10.131302940782703,15.102395583726748,0.0,0.0,0.0,0.0,0.0,0.0,0.0,0.0,0.0,0.0,0.20974013683365866,59.49043707691313,0.21717529481062917,0.0,0.0,0.0,0.0,0.0,1.2377102616086157,0.0,0.0,0.0,0.0,0.0,0.0,0.0,0.0,0.0,0.0,0.21240937115852093,108.22129628247909,969.4000901092778,0.0,0.0,104.75147345801894
2013.0,8.0,27.0,17.0,31.911145302767487,10.131302940782703,15.102395583726748,0.0,0.0,0.0,0.0,0.0,0.0,0.0,0.0,0.0,0.0,0.0,59.84099635493546,0.21600108089754685,0.0,0.0,0.0,0.0,0.0,1.2377102616086157,0.0,0.0,0.0,0.0,0.0,0.0,0.0,0.0,0.0,0.0,0.0,0.0,948.7584678701338,0.0,0.0,0.0
2013.0,8.0,27.0,17.0,31.911145302767487,10.131302940782703,15.102395583726748,0.0,0.0,0.0,0.0,0.0,0.0,0.0,0.0,0.0,0.0,0.21226347207268478,30.081904689505603,0.2105442268453922,0.0,0.0,0.0,0.0,0.0,1.2377102616086157,0.0,0.0,0.0,0.0,0.0,0.0,0.0,0.0,0.0,0.0,0.0,665.9754360364905,970.20099914674,0.0,0.0,54.82106628431432
2013.0,8.0,27.0,17.0,31.911145302767487,10.131302940782703,15.102395583726748,0.0,0.0,0.0,0.0,0.0,0.0,0.0,0.0,0.0,0.0,0.0,0.0,0.0,0.0,0.0,0.0,0.0,0.0,1.2377102616086157,0.0,0.0,0.0,0.0,0.0,0.0,0.0,0.0,0.0,0.0,0.012374239234397112,675.1773206862379,972.5989691596536,0.0,0.0,105.96760426160229
2013.0,8.0,27.0,17.0,31.911145302767487,10.131302940782703,15.102395583726748,0.0,0.0,0.0,0.0,0.0,0.0,0.0,0.0,0.0,0.0,0.21484949806092185,0.0,0.2161029892033479,0.0,0.0,0.0,0.0,0.0,1.2377102616086157,0.0,0.0,0.0,0.0,0.0,0.0,0.0,0.0,0.0,0.0,0.20516071618963277,670.7814196545212,0.0,813.4538405414656,0.0,0.0
2013.0,8.0,27.0,17.0,31.911145302767487,10.131302940782703,15.102395583726748,0.0,0.0,0.0,0.0,0.0,0.0,0.0,0.0,0.0,0.0,0.21361726439867718,59.340044484993655,0.0,0.0,0.0,0.0,0.0,0.0,1.2377102616086157,0.0,0.0,0.0,0.0,0.0,0.0,0.0,0.0,0.009743360510923588,0.0,0.0,646.3837416867287,955.7446328055638,0.0,0.0,0.0
2013.0,8.0,27.0,17.0,31.911145302767487,10.131302940782703,15.102395583726748,0.0,0.0,0.0,0.0,0.0,0.0,0.0,0.0,0.0,0.0,0.213236139362417,0.0,0.19631261531185115,0.0,0.0,0.0,0.0,0.0,1.2377102616086157,0.0,0.0,0.0,0.0,0.0,0.0,0.0,0.0,0.0,0.0,0.0,671.7577709941683,927.8721775734793,0.0,0.0,0.0
2013.0,8.0,27.0,17.0,0.0,10.131302940782703,15.102395583726748,0.0,0.0,0.0,0.0,0.0,0.0,0.0,0.0,0.0,0.0,0.21627570088648812,60.183551080079276,0.0,0.0,0.0,0.0,0.0,0.0,1.2377102616086157,0.0,0.0,0.0,0.0,0.0,0.0,0.0,0.0,0.0,0.0,0.11254923556464748,0.0,929.8678890522021,0.0,698.2582494325703,0.0
2013.0,8.0,27.0,17.0,35.53604505013211,10.131302940782703,15.102395583726748,0.0,0.0,0.0,0.0,0.0,0.0,0.0,0.0,0.0,0.0,0.20993405741321056,60.604041326664905,0.0,0.0,0.0,0.0,0.0,0.0,0.0,0.0,0.0,0.0,0.0,0.0,0.0,0.0,0.0,0.0,0.0,0.0,679.7569864767837,260.8021121705398,0.0,703.4486939371551,104.92048667778852
2013.0,8.0,27.0,17.0,66.15241098250905,10.131302940782703,15.102395583726748,0.0,0.0,0.0,0.0,0.0,0.0,0.0,0.0,0.0,0.0,0.0,0.0,0.0,0.0,0.0,0.003991593140767985,0.0,0.0,1.2713738966422967,0.0,0.0,0.0,0.0,0.0,0.0,0.0,0.0,0.0,0.0,0.0,651.9428850495265,150.5263361913422,0.0,0.0,0.0
2013.0,8.0,27.0,17.0,8.286361172604407,10.131302940782703,15.102395583726748,0.0,0.0,0.0,0.0,0.0,0.0,0.0,0.0,0.0,0.0,0.21086294513473097,59.17204906945701,0.0,0.0,0.0,0.0,0.0,0.0,1.491464190747262,0.0,0.0,0.0,0.0,0.0,0.0,0.0,0.0,0.0,0.0,0.0,630.8382691325746,959.0333973761277,0.0,0.0,104.05263971776317
2013.0,8.0,27.0,17.0,6.064488897004634,83.86769506683088,15.102395583726748,0.0,0.0,0.0,0.0,0.0,0.0,0.0,0.0,0.0,0.0,0.0,0.0,0.0,0.0,0.0,0.0,0.0,0.0,0.0,0.0,0.0,0.0,0.0,0.0,0.0,0.0,0.0,0.0,0.0,0.2119888951970051,0.0,0.0,0.0,0.0,25.097588635572574
2013.0,8.0,27.0,17.0,112.57867991700381,0.0,15.102395583726748,0.0,0.0,0.0,0.0,0.0,0.0,0.0,0.0,0.0,0.0,0.0,0.0,0.2163623663150193,0.0,0.0,0.0,0.0,0.0,2.9750712961741645,0.0,0.0,0.0,0.0,0.0,0.0,0.0,0.0,0.07919780369442224,0.0,0.2082200754803618,143.35862116028136,0.0,0.0,0.0,0.0
2013.0,8.0,27.0,17.0,111.98833892939126,83.70472513099128,15.102395583726748,0.0,0.0,75.53547472207437,0.0,0.0,0.0,0.0,0.0,0.0,0.0,0.21191711336905975,59.58946660845872,0.11071896004424603,0.0,0.0,0.0,0.0,0.0,0.0,0.0,0.0,0.0,0.0,0.0,0.0,0.0,0.0,0.0,0.0,0.0,624.7300500912344,0.0,0.0,690.0708267477393,105.38312165742653
2013.0,8.0,27.0,17.0,112.07784404047527,20.18595134909971,15.102395583726748,0.0,0.0,75.54781046413832,0.0,0.0,0.0,0.0,0.0,0.0,0.0,0.0,0.0,0.0,0.0,0.0,0.0,0.0,0.0,0.0,0.0,0.0,0.0,0.0,0.0,0.0,0.0,0.0,0.0,0.0,0.06448580182649116,0.0,372.54678735697365,0.0,0.0,0.0
2013.0,8.0,27.0,17.0,0.0,63.85522349808484,15.102395583726748,0.0,0.0,0.0,0.0,0.0,0.0,0.0,0.0,0.0,0.0,0.0,43.552954499274435,0.03734829531123393,0.0,0.0,0.0,0.0,0.0,0.0,0.0,0.0,0.0,0.0,0.0,0.0,0.0,0.0,0.0,0.0,0.0,0.0,536.4939051433385,0.0,0.0,0.0
2013.0,8.0,27.0,17.0,0.0,10.002004774225066,15.102395583726748,0.0,0.0,0.0,0.0,0.0,0.0,0.0,0.0,0.0,0.0,0.0,60.58363058903165,0.0,0.0,0.0,0.0,0.0,0.0,3.1375856978770624,0.0,0.0,0.0,0.0,0.0,0.0,0.0,0.0,0.0,0.0,0.20846155638751468,0.0,950.045409942718,0.0,0.0,76.42446687149594
2013.0,8.0,27.0,17.0,112.31281366793742,40.65673436247252,121.77250784847568,0.0,0.0,0.0,0.0,0.0,0.0,0.0,0.0,0.0,0.0,0.21627466734716075,19.828437104552,0.0,0.0,0.0,0.0,0.0,0.0,16.784170147751407,0.0,0.0,0.0,0.0,0.0,0.0,0.0,0.0,0.0015399770314338363,0.0,0.20959356275478572,0.0,501.55665142283056,0.0,0.0,0.0
2013.0,8.0,27.0,17.0,7.426462358601414,18.642036313739993,76.48828462209384,0.0,0.0,0.0,0.0,0.0,0.0,0.0,0.0,0.0,0.0,0.0,0.0,0.0,0.0,0.0,0.0,0.0,0.0,2.24264951203569,0.0,0.0,0.0,0.0,0.0,0.0,0.0,0.0,0.0,0.0,0.2078757834868253,422.70948393115,297.5911593276679,0.0,671.5824428414622,0.0
2013.0,8.0,27.0,17.0,111.28815728032481,19.30483192435305,0.0,0.0,0.0,0.0,0.0,0.0,0.0,0.0,0.0,0.0,0.0,0.0,0.0,0.0,0.0,0.0,0.0,0.0,0.0,0.0,0.0,0.0,0.0,0.0,0.0,0.0,0.0,0.0,0.07822317154677119,0.0,0.0,360.73498104034906,972.7053168559003,0.0,0.0,0.0
2013.0,8.0,27.0,17.0,111.29952659817151,84.64490925791986,0.0,155.56391589104146,0.0,0.0,0.0,0.0,0.0,0.0,0.0,0.0,0.0,0.21003793351695935,0.0,0.19848521626654766,0.0,0.0,0.0,0.0,0.0,9.625262891349095,0.0,0.0,0.0,0.0,0.0,0.0,0.0,0.0,0.0,0.0,0.0,677.8003519561859,0.0,0.0,705.3092384325207,0.0
2013.0,8.0,27.0,17.0,111.7842355972729,16.562136386645175,41.477644376364296,0.0,0.0,0.0,0.0,0.0,0.0,0.0,0.0,0.0,0.0,0.0,59.63884164124112,0.2127581462103001,0.0,0.0,0.0,0.0,0.0,0.0,3.604639964469495,0.0,0.0,0.0,0.0,0.0,0.0,0.0,0.0,0.0,0.19685799468626444,323.4287547246893,557.4165924460734,0.0,0.0,105.32674093755341
2013.0,8.0,27.0,17.0,112.01680459788477,10.526273949980455,126.70741032022075,99.60241627158246,0.0,0.0,0.0,0.0,0.0,0.0,0.0,0.0,0.0,0.21492732826276092,59.46990815165446,0.0,0.0,0.0,0.0,1.0480681073327078,0.0,0.0,34.04808212398628,0.0,0.0,0.0,0.0,0.0,0.0,0.0,0.0,0.0,0.0,503.12536032811227,819.1769922632252,0.0,0.0,0.0
2013.0,8.0,27.0,17.0,98.26307510068199,54.481632485379926,34.69717620797997,0.0,0.0,0.0,0.0,0.0,0.0,0.0,0.0,0.0,0.0,0.21063729749469223,0.0,0.0,0.0,0.0,0.0,1.0480681073327078,0.0,0.11355577872985273,0.0,0.0,0.0,0.0,0.0,0.0,0.0,0.0,0.0,0.0,0.0,0.0,0.0,0.0,0.0,0.0
2013.0,8.0,27.0,17.0,111.5119103354233,83.35217395333142,32.81791224137352,0.0,0.0,0.0,0.0,0.0,0.0,0.0,0.0,0.0,0.0,0.21121746262006594,0.0,0.21445763972909715,0.0,1.0026248667989874,0.0,1.0480681073327078,0.0,0.0,0.0,0.0,0.0,0.0,0.0,0.0,0.0,0.0,0.0,0.0,0.0,674.4699055539687,298.8981481866291,0.0,0.0,0.0
2013.0,8.0,27.0,17.0,0.0,26.6477803213619,0.0,0.0,0.0,0.0,0.0,0.0,0.0,0.0,0.0,0.0,0.0,0.05803280538182901,0.0,0.21540028461073735,0.0,1.0026248667989874,0.0,1.0480681073327078,0.07048764977152597,0.0,0.0,0.0,0.0,0.0,0.0,0.0,0.0,0.0,0.0,0.0,0.0,372.447405624736,0.0,0.0,0.0,0.0
2013.0,8.0,27.0,17.0,59.999718922160426,0.0,125.75874916362247,0.0,0.0,0.0,0.0,0.0,0.0,0.0,0.0,0.0,0.0,0.05803280538182901,0.0,0.21575012028182686,0.0,1.0026248667989874,0.0,1.0480681073327078,0.07048764977152597,1.4914951247994364,0.0,0.0,0.0,0.0,0.0,0.0,0.0,0.0,0.0,0.0,0.20806689251827254,137.60067692198365,860.6335856297695,0.0,0.0,0.0
2013.0,8.0,27.0,17.0,111.4192687088662,13.341815515298599,44.57943564170673,279.16138507761843,0.0,0.0,0.0,0.0,0.0,0.0,0.0,0.0,0.0,0.05803280538182901,60.19765505879688,0.2156382705060171,0.0,1.0026248667989874,0.0,1.0480681073327078,0.07048764977152597,0.0,0.0,0.0,0.0,0.0,0.0,0.0,0.0,0.0,0.0,0.0,0.0,0.0,904.3922974056302,878.8706845242158,227.83324572868514,0.0
2013.0,8.0,27.0,17.0,0.0,84.03070940327255,91.71253276170992,0.0,0.0,0.0,0.0,0.0,0.0,0.0,0.0,0.0,0.0,0.05803280538182901,59.17943049028663,0.0,0.0,1.0026248667989874,0.0,1.0480681073327078,0.07048764977152597,0.0,0.0,0.0,0.0,0.0,0.0,0.0,0.0,0.0,0.0,0.0,0.0,160.87606518212698,0.0,942.5656744283895,0.0,105.26775148522202
2013.0,8.0,27.0,17.0,67.73819684546457,0.0,125.6422177289784,0.0,0.0,0.0,0.0,0.0,0.0,0.0,0.0,0.0,0.0,0.05803280538182901,60.56694707008641,0.0,0.0,1.0026248667989874,0.0,1.0480681073327078,0.07048764977152597,0.0,0.0,0.0,0.0,0.0,0.0,0.0,0.0,0.0,0.0,0.0,0.21357431568663027,670.7908799289776,0.0,0.0,0.0,32.28000216845855
2013.0,8.0,27.0,17.0,103.31362422998649,76.91910786252633,125.67963089432263,0.0,0.0,0.0,0.0,0.0,0.0,0.0,0.0,0.0,0.0,0.05803280538182901,0.0,0.02953583393806964,0.0,1.0026248667989874,0.0,1.0480681073327078,0.07048764977152597,0.0,0.0,0.0,0.0,0.0,0.0,0.0,0.0,0.0,0.0,0.0,0.0,587.7022045043551,0.0,0.0,0.0,0.0
2013.0,8.0,27.0,17.0,109.82705101211754,85.00013972325203,32.66538130734272,161.61342694950264,0.0,56.68168855961637,0.0,0.0,0.0,0.0,0.0,0.0,0.0,0.05803280538182901,60.00199430742021,0.21609704933572618,0.0,1.0026248667989874,0.0,1.0480681073327078,0.07048764977152597,0.21698159889000104,0.0,0.0,0.0,0.0,0.0,0.0,0.0,0.0,0.07550845743660643,0.0,0.21236786275358796,0.0,955.5092026959617,0.0,146.76323892154957,105.83708126341239
2013.0,8.0,27.0,17.0,6.119670092470065,0.0,11.048983006661054,0.0,0.0,75.97609208185125,0.0,0.0,0.0,0.0,0.0,0.0,0.0,0.05803280538182901,0.0,0.02592706408308804,0.0,1.0026248667989874,0.0,1.0480681073327078,0.07048764977152597,0.0,0.0,0.0,0.0,0.0,0.0,0.0,0.0,0.0,0.0,0.0,0.21062249664774937,0.0,0.0,985.708490646336,0.0,0.0
2013.0,8.0,27.0,17.0,112.60895905440411,0.0,124.30945097106105,202.48611212713934,0.0,0.0,0.0,0.0,0.0,0.0,0.0,0.0,0.0,0.05803280538182901,60.63284242620527,0.0,0.0,1.0026248667989874,0.0,1.0480681073327078,0.07048764977152597,0.0,0.0,0.0,0.0,0.0,0.0,0.0,0.0,0.0,0.0444692870199408,0.0,0.0,679.2014727942476,538.3800048655054,0.0,0.0,0.0
2013.0,8.0,27.0,17.0,111.76980109600079,70.82247320960502,23.136129335752486,0.0,0.0,75.30661840095428,0.0,0.0,0.0,0.0,0.0,0.0,0.0,0.05803280538182901,0.0,0.0,0.0,1.0026248667989874,0.0,1.0480681073327078,0.07048764977152597,0.0,0.0,0.0,0.0,0.0,0.0,0.0,0.0,0.0,0.0,0.0,0.2103919609841549,0.0,925.6784279567374,0.0,467.5726502001312,0.0
2013.0,8.0,27.0,17.0,111.77890664535347,24.146937453683048,0.0,0.0,0.0,75.4838761020211,0.0,0.0,0.0,0.0,0.0,0.0,0.0,0.05803280538182901,0.0,0.0,0.0,1.0026248667989874,0.0,1.0480681073327078,0.07048764977152597,6.934845036695848,0.0,0.0,0.0,0.0,0.0,0.0,0.0,0.0,0.0,0.0,0.0,0.0,980.0607107532712,0.0,0.0,105.19754465217021
2013.0,8.0,27.0,17.0,111.13992864675201,33.81182090824113,72.69987882741921,0.0,0.0,0.0,0.0,0.0,0.0,0.0,0.0,0.0,0.0,0.05803280538182901,0.0,0.0,0.0,1.0026248667989874,0.0,1.0480681073327078,0.07048764977152597,0.0,0.0,0.0,0.0,0.0,0.0,0.0,0.0,0.0,0.07959942924353122,0.0,0.0,669.6829269160016,971.4712611633929,0.0,0.0,0.0
2013.0,8.0,27.0,17.0,111.13679129528444,31.175569267083702,16.4994421738936,0.0,0.0,0.0,0.0,0.0,0.0,0.0,0.0,0.0,0.0,0.05803280538182901,0.0,0.02543757222780774,0.0,1.0026248667989874,0.0,1.0480681073327078,0.07048764977152597,3.8900202427565587,0.0,0.0,0.0,0.0,0.0,0.0,0.0,0.0,0.07813382236599346,0.0,0.2102929942660977,362.02735296449816,401.93760589165066,0.0,0.0,0.0
2013.0,8.0,27.0,17.0,0.0,10.526178225239603,82.28852883123002,0.0,0.0,0.0,0.0,0.0,0.0,0.0,0.0,0.0,0.0,0.05803280538182901,8.796279877842432,0.0,0.0,1.0026248667989874,0.0,1.0480681073327078,0.07048764977152597,0.0,0.0,0.0,0.0,0.0,0.0,0.0,0.0,0.0,0.0,0.0,0.19019343904990435,683.7514697928743,882.9603257705689,0.0,0.0,0.0
2013.0,8.0,27.0,17.0,112.26439511151169,38.42932362884321,115.63881150181612,0.0,0.0,0.0,0.0,0.0,0.0,0.0,0.0,0.0,0.0,0.05803280538182901,59.3641691640713,0.0,0.0,1.0026248667989874,0.0,1.0480681073327078,0.07048764977152597,0.0,0.0,0.0,0.0,0.0,0.0,0.0,0.0,0.0,0.0,0.0,0.21159662100546184,673.3031405835892,676.9962944479819,0.0,0.0,104.36195628570204
2013.0,8.0,27.0,17.0,9.933208640196263,0.0,0.0,79.74694724383568,0.0,0.0,0.0,0.0,0.0,0.0,0.0,0.0,0.0,0.05803280538182901,61.03011022422469,0.030146976493109153,0.0,1.0026248667989874,0.0,1.0480681073327078,0.07048764977152597,0.0,34.27419716961984,0.0,0.0,0.0,0.0,0.0,0.0,0.0,0.0,0.0,0.21030370831286493,0.0,0.0,0.0,0.0,0.0
2013.0,8.0,27.0,17.0,112.35587724693582,34.621360467643825,17.133208393435662,0.0,0.0,0.0,0.0,0.0,22.71413651742231,0.0,2.5000782360961797,0.0,0.0,0.05803280538182901,0.0,0.0,0.0,1.0026248667989874,0.0,1.0480681073327078,0.07048764977152597,0.0,0.0,0.0,0.0,0.0,0.0,0.0,0.0,31.427085020627494,0.0,36.46267843012907,0.0,395.02810287044383,0.0,0.0,0.0,0.0
2013.0,8.0,27.0,17.0,0.0,30.155618698929434,9.429276351635423,0.0,0.0,75.28091694031033,0.0,0.0,3.113458461263498,0.0,0.0,0.0,0.0,0.05803280538182901,56.79376822192966,0.21476028935531125,0.0,1.0026248667989874,0.0,1.0480681073327078,0.07048764977152597,0.0,0.0,0.0,0.0,0.0,0.0,0.0,0.0,9.352097904790908,0.0,0.3662422688698724,0.0,598.8803789186112,0.0,0.0,0.0,104.47166426120633
2013.0,8.0,27.0,17.0,111.9604345227237,36.42468614111762,98.99310085380885,0.0,0.0,0.0,0.0,0.0,0.0,0.0,26.22684989182256,0.0,0.0,0.05803280538182901,0.0,0.0,0.0,1.0026248667989874,0.0,1.0480681073327078,0.07048764977152597,0.0,0.0,0.0,0.0,0.0,0.0,0.0,0.0,0.0,0.0,0.0,0.0,227.95712253351869,0.0,0.0,638.561163682102,53.26560121341605
2013.0,8.0,27.0,17.0,111.74859660547123,0.0,121.27424451310843,14.130484778594532,0.0,0.0,0.0,0.0,0.0,0.0,25.25064553710878,0.0,0.0,0.05803280538182901,0.0,0.0,0.0,1.0026248667989874,0.0,1.0480681073327078,0.07048764977152597,0.0,33.30627587329962,0.0,0.0,0.0,0.0,0.0,0.0,0.0,0.0,0.0,0.0,0.0,55.614142788567406,0.0,0.0,104.45591416406675
2013.0,8.0,27.0,17.0,111.97852257033793,78.21512738759249,15.102648643239482,0.0,0.0,0.0,0.0,0.0,0.0,0.0,0.0,0.0,0.0,0.05803280538182901,0.0,0.0,0.0,1.0026248667989874,0.0,1.0480681073327078,0.07048764977152597,0.8369649860126898,0.0,0.0,0.0,0.0,0.0,0.0,0.0,0.0,0.0,15.857132365270413,0.21031096832343185,0.0,0.0,0.0,0.0,0.0
2013.0,8.0,27.0,17.0,30.90135785334381,16.826940454391046,19.10482968830135,0.0,0.0,0.0,4.573798014049319,0.0,0.0,0.0,0.3953746804753506,0.0,0.0,0.05803280538182901,0.0,0.21222105000521388,0.0,1.0026248667989874,0.0,1.0480681073327078,0.07048764977152597,1.5679266079345948,0.0,0.0,0.0,0.0,0.0,0.0,0.0,0.0,0.0,19.163570344782542,0.20837885400029707,0.0,0.0,0.0,0.0,0.0
2013.0,8.0,27.0,17.0,39.04745716424365,83.96377580513914,0.0,0.0,0.0,0.0,0.0,0.0,0.0,0.0,0.0,85.28432433234207,1.1638730909203088,0.05803280538182901,60.53958783727592,0.2165340558022573,0.0,1.0026248667989874,0.0,1.0480681073327078,0.07048764977152597,0.0,0.0,0.0,21.907392339213448,0.8223214896054745,0.0,1.3008472673439626,0.0,5.044968180832343,0.0,0.0,0.012044725461010089,0.0,923.0724341306893,463.71346767725777,0.0,0.0
2013.0,8.0,27.0,17.0,34.45684430231104,84.31316880032405,54.71679025145404,19.27285524177562,2.8521967343985355,0.0,0.0,0.0,0.0,0.0,26.32090861784138,194.48790348537034,0.0,0.05803280538182901,60.590980417351055,0.0,0.0,1.0026248667989874,0.01363999633547884,1.0480681073327078,0.07048764977152597,11.862877067819676,34.98555605876479,100.60394164780578,1.4374077154532139,0.7978010287313275,0.0,0.25002618613279953,0.0,51.96686965059549,0.006219385331911237,0.0,0.21065074713080045,32.80581352359785,943.1962626102147,166.49267648023823,0.0,24.360386781625973
2013.0,8.0,27.0,17.0,0.0,84.80520529785693,0.0,0.0,0.0,0.0,0.0,0.0,0.0,0.0,25.488206089087367,196.46791073909236,0.0,0.05803280538182901,0.0,0.10991563330771408,0.0,1.0026248667989874,0.0,1.0480681073327078,0.07048764977152597,3.2468208073244433,0.0,99.76332124470555,0.11928222685191779,0.8135714745445617,0.0,0.0,0.0,39.72496914631552,0.07892256142553822,0.0,0.0,0.0,917.3162701667899,0.0,0.0,0.0
2013.0,8.0,27.0,17.0,112.87990786770298,83.10431815046157,11.715162968765014,0.0,0.0,0.0,0.0,0.0,2.435947774091562,0.0,26.019517579937457,190.38368045987988,0.0,0.05803280538182901,0.0,0.060341697849329586,0.0,1.0026248667989874,0.0,1.0480681073327078,0.07048764977152597,0.0,7.655057141695865,9.502861852876404,22.084353401052386,0.0,0.0,0.0,0.0,42.1524657989739,0.0,0.0,0.2110404931878697,674.0591268724716,113.32284088622959,0.0,98.61096230006379,0.0
2013.0,8.0,27.0,17.0,111.62622027454428,35.58217803903283,125.8275689806166,0.0,0.0,0.0,0.0,1.1201903537647717,0.0,0.02151457835915169,0.0,0.0,0.0,0.05803280538182901,60.536285075344615,0.0,0.0,1.0026248667989874,0.0,1.0480681073327078,0.07048764977152597,0.0,0.0,7.528180345923159,20.974966794356813,0.8139956127028771,0.0,0.0,5.17564161615302,0.0,0.0,36.27253003147123,0.0,682.9124937124091,0.0,0.0,0.0,0.0
2013.0,8.0,27.0,17.0,111.16219722744582,21.19656497596852,65.18245320460443,0.0,0.0,0.0,0.0,0.0,0.0,0.0,0.0,0.0,0.0,0.05803280538182901,59.13056950838152,0.0,0.0,1.0026248667989874,0.0,1.0480681073327078,0.07048764977152597,4.186358183660013,0.0,100.44594483271065,22.225629284626937,0.0,0.0,0.0,0.0,0.0,0.0,35.54933497706333,0.21133790191248045,678.8981613367171,395.69449697465956,0.0,0.0,31.85074633064719
2013.0,8.0,27.0,17.0,112.08325985187199,52.358194167799695,0.0,0.0,0.0,0.0,0.0,0.0,0.0,0.0,0.0,168.31360404020296,0.0,0.05803280538182901,59.123402406050396,0.0,0.0,1.0026248667989874,0.0,1.0480681073327078,0.07048764977152597,0.0,19.423801380360924,63.86621289714829,22.146853837261595,0.5973291630111405,2.287474267194633,0.13064808785591864,0.0,50.37337078913744,0.0,36.224051400661864,0.0,0.0,44.055379136062804,892.5924274217069,0.0,0.0
2013.0,8.0,27.0,17.0,9.222248157607638,4.226943955515742,121.1864644787803,0.0,0.0,0.0,0.42454839496096675,0.0,0.0,0.0,0.0,194.62791747721073,0.0,0.05803280538182901,60.011300225641506,0.21610527578076996,0.0,1.0026248667989874,0.0,1.0480681073327078,0.07048764977152597,0.0,0.0,101.31140102210016,0.0,0.0,0.0,0.0,0.0,43.575152070221606,0.0,7.8130257772357155,0.21190918337872738,71.1403538920662,977.3387157521853,0.0,0.0,0.0
2013.0,8.0,27.0,17.0,89.88805799122704,28.914279465109093,47.046263467766906,0.0,0.0,0.0,3.3708842085370128,0.0,0.0,0.0,0.0,0.0,1.1650802979569066,0.05803280538182901,0.0,0.21692280373588746,0.0,1.0026248667989874,0.0,1.0480681073327078,0.07048764977152597,1.580714840106628,0.0,100.67662586254015,16.274442488902327,0.0,0.0,0.0,0.0,15.924896606223516,0.0,0.0,0.0,0.0,471.62162468185227,0.0,0.0,106.11040661021993
2013.0,8.0,27.0,17.0,0.0,74.26770601075206,21.050163686351063,0.0,0.0,0.0,0.0,0.0,0.0,0.0,0.0,193.0045634134896,1.1643581148531674,0.05803280538182901,0.0,0.0,0.0,1.0026248667989874,0.0,1.0480681073327078,0.07048764977152597,0.0,0.0,98.23077891688479,22.058639523460105,0.042604959809278774,0.0,0.20926794908782498,0.0,49.798946937119545,0.0,36.1281239733522,0.2092546727489818,268.84596694820084,0.0,0.0,708.0829293493432,0.0
2013.0,8.0,27.0,17.0,111.44295766216291,22.429622320066866,65.41734510524482,0.0,0.0,74.85958499310263,0.0,0.0,0.0,0.0,25.92472319909518,101.31226161280053,0.0,0.05803280538182901,25.64600032218144,0.0,0.0,1.0026248667989874,0.0,1.0480681073327078,0.07048764977152597,0.0,0.0,48.62174787845864,0.0,0.7807781481914479,0.0,0.0,0.0,47.19039063117318,0.0,36.09586166749505,0.21048271944150934,673.0738637935159,449.2909342682842,0.0,0.0,0.0
2013.0,8.0,27.0,17.0,111.49232140036625,9.807722314174425,50.20273056065987,0.0,7.277279723120286,0.0,0.0,0.0,39.988374331704954,0.027579736405905247,0.0,191.03179048843378,0.0,0.05803280538182901,60.203351116146536,0.0,0.0,1.0026248667989874,0.0,1.0480681073327078,0.07048764977152597,0.0,0.0,99.87985741981348,0.0,0.3773806276607049,0.0,0.0,0.0,25.72098655267972,0.0,6.968645236200279,0.20934574256064573,42.876652225314565,275.5904585030225,974.4196278702977,40.59834085917559,0.0
2013.0,8.0,27.0,17.0,112.01073858446364,0.0,125.68055567439662,0.0,14.667269260384725,0.0,0.0,0.0,5.703116841970189,0.0,0.0,0.0,0.0,0.05803280538182901,53.51738028989361,0.12789629617182313,0.0,1.0026248667989874,0.0,1.0480681073327078,0.07048764977152597,1.6339163548614786,0.0,0.0,0.0,0.526097392344942,0.0,0.0,0.0,12.813379489808232,0.0,35.91896211492736,0.2096626380666513,318.65619497778715,0.0,0.0,0.0,0.0
2013.0,8.0,27.0,17.0,112.19235440816712,83.11666849074852,125.70047085903865,0.0,6.19199407838693,0.0,0.0,0.0,0.0,0.0,24.461561906382432,36.65459556362853,0.0,0.05803280538182901,0.0,0.21609594869126197,30.475675486116533,1.0026248667989874,0.0,1.0480681073327078,0.07048764977152597,1.6431546106752957,0.0,0.0,22.44117179835571,0.04417539814427528,0.0,0.0,0.0,13.444608036677844,0.028959677144262962,0.0,0.0,0.0,666.3481786993608,202.30273457787862,0.0,0.0
2013.0,8.0,27.0,17.0,111.30765631208456,0.0,107.72305082170243,0.0,0.0,0.0,0.0,0.0,0.0,0.0,7.3221865837561175,193.9962282113374,0.0,0.05803280538182901,0.0,0.0,0.3009501317323955,1.0026248667989874,0.0,1.0480681073327078,0.07048764977152597,3.4902391971699633,0.0,0.0,22.68298021122503,0.0,0.0,0.0,0.0,36.642462115150835,0.0,36.14818202641289,0.0,303.43689758454474,963.001117694775,0.0,692.3060773498228,0.0
2013.0,8.0,27.0,17.0,112.6291071647935,31.047697562595694,124.69536008677429,0.0,0.0,0.0,0.0,0.0,0.0,0.004117235383236216,0.0,0.0,1.159582329135141,0.05803280538182901,0.0,0.1955659418917078,0.0,1.0026248667989874,0.0,1.0480681073327078,0.07048764977152597,0.0,0.0,79.6624226775936,0.0,0.11086183594144451,0.0,0.0,0.0,10.641187663222098,0.0,22.848984543637886,0.0,152.3078415553816,84.83509772867345,0.0,0.0,0.0
2013.0,8.0,27.0,17.0,112.09889590057244,37.27335307000643,20.235297299620445,0.0,0.0,0.0,0.0,0.8812647607490759,0.0,0.07595372456971725,0.0,0.0,0.0,0.05803280538182901,9.878594736630774,0.21610433142997335,0.0,1.0026248667989874,0.0,1.0480681073327078,0.07048764977152597,0.0,0.0,92.77792167907452,0.0,0.3284886781439718,0.0,0.0,48.16526711672276,16.93828097926457,0.0,27.595654172014992,0.0,669.5029307025736,369.56080085321383,0.0,0.0,20.46937340673529
2013.0,8.0,27.0,17.0,111.99633695227048,0.0,126.12992083929075,0.0,5.82600378199196,0.0,0.0,0.26736813249291014,0.0,0.0756708764810275,0.0,195.5606813883372,0.0,0.05803280538182901,52.989423110940315,0.0,0.0,1.0026248667989874,0.0,1.0480681073327078,0.07048764977152597,0.0,0.0,98.08076060485833,0.0,0.8016973820220427,0.0,2.4329340888295907,0.0,48.289248525018955,0.009869056168648062,36.458093470112054,0.0,451.5341968434563,0.0,0.0,0.0,0.0
2013.0,8.0,27.0,17.0,112.49408127088377,83.64768718687277,125.76659654727857,0.0,0.0,0.0,0.0,0.0,0.0,0.0,0.0,196.5755147848787,0.0,0.05803280538182901,13.809680098129379,0.0,0.0,1.0026248667989874,0.00936017271846293,1.0480681073327078,0.07048764977152597,0.0,0.0,0.0,22.22007152141469,0.029105724011659347,0.0,0.40086155493234243,0.0,52.472620317828586,0.030919593434486012,11.411917567607352,0.21181865879953138,0.0,70.93018330791126,0.0,0.0,45.68999356232432
2013.0,8.0,27.0,17.0,112.65094663354392,44.04047407567426,21.291383692378087,0.0,0.0,75.44062211364069,0.0,0.0,34.61801007361041,0.0,25.77899196307957,1.037262631712958,0.29171373409670925,0.05803280538182901,0.0,0.0,0.0,1.0026248667989874,0.010164399075555313,1.0480681073327078,0.07048764977152597,0.0,0.0,0.0,0.0,0.38740189915162687,0.0,0.0,0.0,3.945260340177116,0.07877796708587106,22.246919347423322,0.0,52.49420714738541,538.3734649677916,0.0,0.0,0.0
2013.0,8.0,27.0,17.0,112.01178973360673,64.05154464614532,0.0,141.83228218346872,0.0,0.0,0.0,0.0,0.0,0.0,0.0,0.0,0.0,0.05803280538182901,57.7497277455204,0.09210710162918362,0.0,1.0026248667989874,0.010164399075555313,1.0480681073327078,0.07048764977152597,0.0,0.0,101.18046489598133,2.159965869026472,0.8186634091509291,0.0,0.0,0.0,8.359013498880348,0.07816518809508148,35.34183534221041,0.20134350731636694,249.9891141275699,692.0404140038198,0.0,0.0,0.0
2013.0,8.0,27.0,18.0,0.0,21.771978643658233,32.454762831479876,0.0,0.0,0.0,0.0,0.0,0.0,0.0,0.0,0.0,0.0,0.0,18.564910441175165,0.08978141144567783,0.0,0.0,0.04244493031777339,0.0,0.0,0.0,0.0,0.0,0.0,0.0,0.0,0.0,0.0,0.0,0.01870200298380723,10.522332978870951,0.18012153879097795,115.91262099214207,243.41536954361055,190.33168963683136,131.2040454029386,0.0
2013.0,8.0,27.0,18.0,0.0,21.771978643658233,32.454762831479876,0.0,0.0,0.0,0.0,0.0,0.0,0.0,0.0,0.0,0.0,0.0,18.564910441175165,0.08978141144567783,0.0,0.0,0.0,0.0,0.0,0.0,0.0,0.0,0.0,0.0,0.0,0.0,0.0,0.0,0.01870200298380723,10.522332978870951,0.18012153879097795,115.91262099214207,243.41536954361055,190.33168963683136,131.2040454029386,0.0
2013.0,8.0,27.0,18.0,0.0,21.771978643658233,32.454762831479876,0.0,0.0,0.0,0.0,0.0,0.0,0.0,0.0,0.0,0.0,0.2099893011937935,18.564910441175165,0.08978141144567783,0.0,0.0,0.0,0.0,0.0,0.0,0.0,0.0,0.0,0.0,0.0,0.0,0.0,0.0,0.01870200298380723,10.522332978870951,0.18012153879097795,115.91262099214207,243.41536954361055,190.33168963683136,131.2040454029386,0.0
2013.0,8.0,27.0,18.0,0.0,21.771978643658233,32.454762831479876,0.0,0.0,0.0,0.0,0.0,0.0,0.0,0.0,0.0,0.0,0.21192474899899258,18.564910441175165,0.08978141144567783,0.0,0.0,0.0,0.0,0.0,0.0,0.0,0.0,0.0,0.0,0.0,0.0,0.0,0.0,0.01870200298380723,10.522332978870951,0.18012153879097795,115.91262099214207,243.41536954361055,190.33168963683136,131.2040454029386,0.0
2013.0,8.0,27.0,18.0,0.0,21.771978643658233,32.454762831479876,0.0,0.0,0.0,0.0,0.0,0.0,0.0,0.0,0.0,0.0,0.0,18.564910441175165,0.08978141144567783,0.0,0.0,0.0,0.0,0.0,0.0,0.0,0.0,0.0,0.0,0.0,0.0,0.0,0.0,0.01870200298380723,10.522332978870951,0.18012153879097795,115.91262099214207,243.41536954361055,190.33168963683136,131.2040454029386,0.0
2013.0,8.0,27.0,18.0,0.0,21.771978643658233,32.454762831479876,0.0,0.0,0.0,0.0,0.0,0.0,0.0,0.0,0.0,0.0,0.0,18.564910441175165,0.08978141144567783,0.0,0.0,0.0,0.0,0.0,0.0,0.0,0.0,0.0,0.0,0.0,0.0,0.0,0.0,0.01870200298380723,10.522332978870951,0.18012153879097795,115.91262099214207,243.41536954361055,190.33168963683136,131.2040454029386,0.0
2013.0,8.0,27.0,18.0,0.0,21.771978643658233,32.454762831479876,0.0,0.0,0.0,0.0,0.0,0.0,0.0,0.0,0.0,0.0,0.2099506800750321,18.564910441175165,0.08978141144567783,0.0,0.0,0.03922060891170404,0.0,0.0,0.0,0.0,0.0,0.0,0.0,0.0,0.0,0.0,0.0,0.01870200298380723,10.522332978870951,0.18012153879097795,115.91262099214207,243.41536954361055,190.33168963683136,131.2040454029386,0.0
2013.0,8.0,27.0,18.0,0.0,21.771978643658233,32.454762831479876,0.0,0.0,0.0,0.0,0.0,0.0,0.0,0.0,0.0,0.0,0.0,18.564910441175165,0.08978141144567783,0.0,0.0,0.0,0.0,0.0,0.0,0.0,0.0,0.0,0.0,0.0,0.0,0.0,0.0,0.01870200298380723,10.522332978870951,0.18012153879097795,115.91262099214207,243.41536954361055,190.33168963683136,131.2040454029386,0.0
2013.0,8.0,27.0,18.0,0.0,21.771978643658233,32.454762831479876,0.0,0.0,0.0,0.0,0.0,0.0,0.0,0.0,0.0,0.0,0.0,18.564910441175165,0.08978141144567783,0.0,0.0,0.0,0.0,0.0,0.0,0.0,0.0,0.0,0.0,0.0,0.0,0.0,0.0,0.01870200298380723,10.522332978870951,0.18012153879097795,115.91262099214207,243.41536954361055,190.33168963683136,131.2040454029386,0.0
2013.0,8.0,27.0,18.0,0.0,21.771978643658233,32.454762831479876,0.0,0.0,0.0,0.0,0.0,0.0,0.0,0.0,0.0,0.0,0.0,18.564910441175165,0.08978141144567783,0.0,0.0,0.0,0.0,0.0,0.0,0.0,0.0,0.0,0.0,0.0,0.0,0.0,0.0,0.01870200298380723,10.522332978870951,0.18012153879097795,115.91262099214207,243.41536954361055,190.33168963683136,77.37762289106333,0.0
2013.0,8.0,27.0,18.0,0.0,21.771978643658233,32.454762831479876,0.0,0.0,0.0,0.0,0.0,0.0,0.0,0.0,0.0,0.0,0.0,18.564910441175165,0.08978141144567783,0.0,0.0,0.0,0.0,0.0,0.0,0.0,0.0,0.0,0.0,0.0,0.0,0.0,0.0,0.01870200298380723,10.522332978870951,0.18012153879097795,115.91262099214207,243.41536954361055,265.5772769851914,0.0,0.0
2013.0,8.0,27.0,18.0,0.0,21.771978643658233,32.454762831479876,0.0,0.0,0.0,0.0,0.0,0.0,0.0,0.0,0.0,0.0,0.2148708096025727,18.564910441175165,0.08978141144567783,0.0,0.0,0.0,0.0,0.0,0.0,0.0,0.0,0.0,0.0,0.0,0.0,0.0,0.0,0.01870200298380723,10.522332978870951,0.18012153879097795,115.91262099214207,243.41536954361055,0.0,0.0,0.0
2013.0,8.0,27.0,18.0,0.0,21.771978643658233,32.454762831479876,0.0,0.0,0.0,0.0,0.0,0.0,0.0,0.0,0.0,0.0,0.21423327012960178,18.564910441175165,0.08978141144567783,0.0,0.0,0.0,0.0,0.0,0.0,0.0,0.0,0.0,0.0,0.0,0.0,0.0,0.0,0.0,10.522332978870951,0.18012153879097795,115.91262099214207,243.41536954361055,0.0,0.0,0.0
2013.0,8.0,27.0,18.0,0.0,21.771978643658233,32.454762831479876,0.0,0.0,0.0,0.0,0.0,0.0,0.0,0.0,0.0,0.0,0.21322818825324957,18.564910441175165,0.08978141144567783,0.0,0.0,0.0,0.0,0.0,0.0,0.0,0.0,0.0,0.0,0.0,0.0,0.0,0.0,0.0,10.522332978870951,0.18012153879097795,115.91262099214207,243.41536954361055,0.0,0.0,0.0
2013.0,8.0,27.0,18.0,0.0,21.771978643658233,32.454762831479876,0.0,0.0,0.0,0.0,0.0,0.0,0.0,0.0,0.0,0.0,0.0,18.564910441175165,0.08978141144567783,0.0,0.0,0.0,0.0,0.0,0.0,0.0,0.0,0.0,0.0,0.0,0.0,0.0,0.0,0.01753078623915572,10.522332978870951,0.18012153879097795,115.91262099214207,243.41536954361055,0.0,0.0,0.0
2013.0,8.0,27.0,18.0,0.0,21.771978643658233,32.454762831479876,0.0,0.0,0.0,0.0,0.0,0.0,0.0,0.0,0.0,0.0,0.21238159092660983,18.564910441175165,0.08978141144567783,0.0,0.0,0.0,0.0,0.0,0.0,0.0,0.0,0.0,0.0,0.0,0.0,0.0,0.0,0.0,10.522332978870951,0.18012153879097795,115.91262099214207,243.41536954361055,0.0,704.8717711129041,0.0
2013.0,8.0,27.0,18.0,0.0,21.771978643658233,32.454762831479876,0.0,0.0,0.0,0.0,0.0,0.0,0.0,0.0,0.0,0.0,0.0,18.564910441175165,0.08978141144567783,0.0,0.0,0.0,0.0,0.0,0.0,0.0,0.0,0.0,0.0,0.0,0.0,0.0,0.0,0.0,10.522332978870951,0.18012153879097795,115.91262099214207,243.41536954361055,0.0,0.0,0.0
2013.0,8.0,27.0,18.0,0.0,21.771978643658233,32.454762831479876,0.0,0.0,0.0,0.0,0.0,0.0,0.0,0.0,0.0,0.0,0.0,18.564910441175165,0.08978141144567783,0.0,0.0,0.0,0.0,0.0,0.0,0.0,0.0,0.0,0.0,0.0,0.0,0.0,0.0,0.0,10.522332978870951,0.18012153879097795,115.91262099214207,243.41536954361055,278.09353397378726,0.0,0.0
2013.0,8.0,27.0,18.0,0.0,21.771978643658233,32.454762831479876,0.0,0.0,0.0,0.0,0.0,0.0,0.0,0.0,0.0,0.0,0.21378650026719237,18.564910441175165,0.08978141144567783,0.0,0.0,0.0,0.0,0.0,0.0,0.0,0.0,0.0,0.0,0.0,0.0,0.0,0.0,0.0,10.522332978870951,0.18012153879097795,115.91262099214207,243.41536954361055,0.0,450.6811253551836,0.0
2013.0,8.0,27.0,18.0,0.0,21.771978643658233,32.454762831479876,0.0,0.0,0.0,0.0,0.0,0.0,0.0,0.0,0.0,0.0,0.0,18.564910441175165,0.08978141144567783,0.0,0.0,0.0,0.0,0.0,0.0,0.0,0.0,0.0,0.0,0.0,0.0,0.0,0.0,0.0,10.522332978870951,0.18012153879097795,115.91262099214207,243.41536954361055,0.0,0.0,0.0
2013.0,8.0,27.0,18.0,0.0,21.771978643658233,32.454762831479876,0.0,0.0,0.0,0.0,0.0,0.0,0.0,0.0,0.0,0.0,0.0,0.0,0.08978141144567783,0.0,0.0,0.0,0.0,0.0,0.0,0.0,0.0,0.0,0.0,0.0,0.0,0.0,0.0,0.0,10.522332978870951,0.18012153879097795,115.91262099214207,243.41536954361055,226.54510335967885,0.0,0.0
2013.0,8.0,27.0,18.0,0.0,21.771978643658233,32.454762831479876,0.0,0.0,0.0,0.0,0.0,0.0,0.0,0.0,0.0,0.0,0.0,0.0,0.08978141144567783,0.0,0.0,0.0,0.0,0.0,0.0,0.0,0.0,0.0,0.0,0.0,0.0,0.0,0.0,0.0196414714889092,10.522332978870951,0.18012153879097795,115.91262099214207,243.41536954361055,973.6618469836601,0.0,0.0
2013.0,8.0,27.0,18.0,0.0,21.771978643658233,32.454762831479876,0.0,0.0,0.0,0.0,0.0,0.0,0.0,0.0,0.0,0.0,0.2103978405554059,59.25962410028065,0.08978141144567783,0.0,0.0,0.006644258633344995,0.0,0.0,0.0,0.0,0.0,0.0,0.0,0.0,0.0,0.0,0.0,0.0,10.522332978870951,0.18012153879097795,115.91262099214207,243.41536954361055,974.3950493759035,0.0,0.0
2013.0,8.0,27.0,18.0,0.0,21.771978643658233,32.454762831479876,0.0,0.0,0.0,0.0,0.0,0.0,0.0,0.0,0.0,0.0,0.02873226794332742,57.66066857596418,0.08978141144567783,0.0,0.0,0.0,0.0,0.0,0.0,0.0,0.0,0.0,0.0,0.0,0.0,0.0,0.0,0.0,10.522332978870951,0.18012153879097795,115.91262099214207,243.41536954361055,0.0,0.0,0.0
2013.0,8.0,27.0,18.0,0.0,21.771978643658233,32.454762831479876,0.0,0.0,0.0,0.0,0.0,0.0,0.0,0.0,0.0,0.0,0.0,59.248731776242316,0.21468728749664462,0.0,0.0,0.0780461505901271,0.0,0.0,0.0,0.0,0.0,0.0,0.0,0.0,0.0,0.0,0.0,0.01632388673416809,10.522332978870951,0.18012153879097795,115.91262099214207,243.41536954361055,0.0,0.0,0.0
2013.0,8.0,27.0,18.0,0.0,21.771978643658233,32.454762831479876,0.0,0.0,0.0,0.0,0.0,0.0,0.0,0.0,0.0,0.0,0.0,59.587900187966056,0.0,0.0,0.0,0.0,0.0,0.0,0.0,0.0,0.0,0.0,0.0,0.0,0.0,0.0,0.0,0.0786109072166428,10.522332978870951,0.18012153879097795,115.91262099214207,243.41536954361055,0.0,689.6717546463819,0.0
2013.0,8.0,27.0,18.0,0.0,21.771978643658233,32.454762831479876,0.0,0.0,0.0,0.0,0.0,0.0,0.0,0.0,0.0,0.0,0.2136726217508506,60.250174928599414,0.0,0.0,0.0,0.0,0.0,0.0,0.0,0.0,0.0,0.0,0.0,0.0,0.0,0.0,0.0,0.07880631149353125,10.522332978870951,0.18012153879097795,115.91262099214207,243.41536954361055,963.7208546157262,669.1150359065186,0.0
2013.0,8.0,27.0,18.0,0.0,21.771978643658233,32.454762831479876,0.0,0.0,0.0,0.0,0.0,0.0,0.0,0.0,0.0,0.0,0.21220479705011555,0.0,0.21612422961054428,0.0,0.0,0.0,0.0,0.0,0.0,0.0,0.0,0.0,0.0,0.0,0.0,0.0,0.0,0.0,10.522332978870951,0.18012153879097795,115.91262099214207,243.41536954361055,0.0,0.0,0.0
2013.0,8.0,27.0,18.0,0.0,21.771978643658233,32.454762831479876,0.0,0.0,0.0,0.0,0.0,0.0,0.0,0.0,0.0,0.0,0.0,0.0,0.0,0.0,0.0,0.0,0.0,0.0,0.0,0.0,0.0,0.0,0.0,0.0,0.0,0.0,0.0,0.0,10.522332978870951,0.18012153879097795,115.91262099214207,243.41536954361055,78.03555263883085,0.0,0.0
2013.0,8.0,27.0,18.0,0.0,21.771978643658233,32.454762831479876,0.0,0.0,0.0,0.0,0.0,0.0,0.0,0.0,0.0,0.0,0.21147453771099917,4.932975343339392,0.0,0.0,0.0,0.0,0.0,0.0,0.0,0.0,0.0,0.0,0.0,0.0,0.0,0.0,0.0,0.0,10.522332978870951,0.18012153879097795,115.91262099214207,243.41536954361055,0.0,0.0,0.0
2013.0,8.0,27.0,18.0,0.0,21.771978643658233,32.454762831479876,0.0,0.0,0.0,0.0,0.0,0.0,0.0,0.0,0.0,0.0,0.21162301391498767,0.0,0.0,0.0,0.0,0.0,0.0,0.0,0.0,0.0,0.0,0.0,0.0,0.0,0.0,0.0,0.0,0.07851545302947956,10.522332978870951,0.18012153879097795,115.91262099214207,243.41536954361055,0.0,3.741638452112769,0.0
2013.0,8.0,27.0,18.0,0.0,21.771978643658233,32.454762831479876,0.0,0.0,0.0,0.0,0.0,0.0,0.0,0.0,0.0,0.0,0.2139953371494375,8.131312600222742,0.2158856694249164,0.0,0.0,0.0,0.0,0.0,0.0,0.0,0.0,0.0,0.0,0.0,0.0,0.0,0.0,0.0,10.522332978870951,0.18012153879097795,115.91262099214207,243.41536954361055,0.0,0.0,104.94131257392002
2013.0,8.0,27.0,18.0,0.0,21.771978643658233,32.454762831479876,0.0,0.0,0.0,0.0,0.0,0.0,0.0,0.0,0.0,0.0,0.21312214227061643,59.25608768922176,0.0,0.0,0.0,0.0,0.0,0.0,0.0,0.0,0.0,0.0,0.0,0.0,0.0,0.0,0.0,0.004393075533930091,10.522332978870951,0.18012153879097795,115.91262099214207,243.41536954361055,0.0,0.0,0.0
2013.0,8.0,27.0,18.0,0.0,21.771978643658233,32.454762831479876,0.0,0.0,0.0,0.0,0.0,0.0,0.0,0.0,0.0,0.0,0.0,59.541488159834145,0.21454339669325806,0.0,0.0,0.0,0.0,0.0,0.0,0.0,0.0,0.0,0.0,0.0,0.0,0.0,0.0,0.0,10.522332978870951,0.18012153879097795,436.0427849693452,763.0518656146772,0.0,0.0,0.0
2013.0,8.0,27.0,18.0,0.0,21.771978643658233,32.454762831479876,0.0,0.0,0.0,0.0,0.0,0.0,0.0,0.0,0.0,0.0,0.21106936840162907,28.010409231755094,0.21431706451996482,0.0,0.0,0.0,0.0,0.0,0.0,0.0,0.0,0.0,0.0,0.0,0.0,0.0,0.0,0.0,10.522332978870951,0.18012153879097795,348.3550512617019,620.9731637938488,890.175859850075,0.0,0.0
2013.0,8.0,27.0,18.0,0.0,21.771978643658233,32.454762831479876,0.0,0.0,0.0,0.0,0.0,0.0,0.0,0.0,0.0,0.0,0.2123804401942834,0.0,0.0,0.0,0.0,0.0,0.0,0.0,0.0,0.0,0.0,0.0,0.0,0.0,0.0,0.0,0.0,0.0,10.522332978870951,0.18012153879097795,262.7392855524623,481.26039040261946,0.0,0.0,0.0
2013.0,8.0,27.0,18.0,0.0,21.771978643658233,32.454762831479876,0.0,0.0,0.0,0.0,0.0,0.0,0.0,0.0,0.0,0.0,0.0,0.0,0.0,0.0,0.0,0.0,0.0,0.0,0.0,0.0,0.0,0.0,0.0,0.0,0.0,0.0,0.0,0.0,10.522332978870951,0.18012153879097795,675.6478407237349,946.2109508343467,257.0394132489162,0.0,92.91171171199382
2013.0,8.0,27.0,18.0,0.0,21.771978643658233,32.454762831479876,0.0,0.0,0.0,0.0,0.0,0.0,0.0,0.0,0.0,0.0,0.0,59.06058879158348,0.031647818871728274,0.0,0.0,0.0,0.0,0.0,0.0,0.0,0.0,0.0,0.0,0.0,0.0,0.0,0.0,0.0,10.522332978870951,0.18012153879097795,0.0,62.11230615450452,967.8737761238806,0.0,0.0
2013.0,8.0,27.0,18.0,0.0,21.771978643658233,32.454762831479876,0.0,0.0,0.0,0.0,0.0,0.0,0.0,0.0,0.0,0.0,0.0,0.0,0.0,0.0,0.0,0.0,0.0,0.0,0.0,0.0,0.0,0.0,0.0,0.0,0.0,0.0,0.0,0.04226968478394151,10.522332978870951,0.18012153879097795,609.490979099694,934.1286892569927,0.0,0.0,0.0
2013.0,8.0,27.0,18.0,0.0,21.771978643658233,32.454762831479876,0.0,0.0,0.0,0.0,0.0,0.0,0.0,0.0,0.0,0.0,0.0,59.82281016996652,0.043426914305310274,0.0,0.0,0.0,0.0,0.0,0.0,0.0,0.0,0.0,0.0,0.0,0.0,0.0,0.0,0.0,10.522332978870951,0.18012153879097795,682.4631767501684,913.3320082690706,0.0,696.207768376055,0.0
2013.0,8.0,27.0,18.0,0.0,21.771978643658233,32.454762831479876,0.0,0.0,0.0,0.0,0.0,0.0,0.0,0.0,0.0,0.0,0.0,60.38333081170617,0.0,0.0,0.0,0.0,0.0,0.0,0.0,0.0,0.0,0.0,0.0,0.0,0.0,0.0,0.0,0.007804960983305763,10.522332978870951,0.18012153879097795,0.0,0.0,0.0,706.9766539892645,0.0
2013.0,8.0,27.0,18.0,0.0,21.771978643658233,32.454762831479876,0.0,0.0,0.0,0.0,0.0,0.0,0.0,0.0,0.0,0.0,0.0,0.0,0.21424247595506443,0.0,0.0,0.005752747666383721,0.0,0.0,0.0,0.0,0.0,0.0,0.0,0.0,0.0,0.0,0.0,0.06268024884899374,10.522332978870951,0.0,674.8791729676823,938.9842652925705,0.0,0.0,0.0
2013.0,8.0,27.0,18.0,0.0,21.771978643658233,32.454762831479876,0.0,0.0,0.0,0.0,0.0,0.0,0.0,0.0,0.0,0.0,0.0,58.211437296617845,0.19441760034106959,0.0,0.0,0.0,0.0,0.0,0.0,0.0,0.0,0.0,0.0,0.0,0.0,0.0,0.0,0.0,10.522332978870951,0.0,0.0,0.0,985.1124578126343,0.0,0.0
2013.0,8.0,27.0,18.0,0.0,83.93298065978449,32.454762831479876,0.0,0.0,0.0,0.0,0.0,0.0,0.0,0.0,0.0,0.0,0.21152931456224455,0.0,0.0,0.0,0.0,0.0,0.0,0.0,0.0,0.0,0.0,0.0,0.0,0.0,0.0,0.0,0.0,0.0,10.522332978870951,0.20720088093527073,451.99871066334384,782.8751482144127,0.0,0.0,0.0
2013.0,8.0,27.0,18.0,0.0,0.0,32.454762831479876,0.0,0.0,0.0,0.0,0.0,0.0,0.0,0.0,0.0,0.0,0.0,0.0,0.0,0.0,0.0,0.0,0.0,0.0,1.9372103808690913,0.0,0.0,0.0,0.0,0.0,0.0,0.0,0.0,0.0,7.574448610552639,0.0,525.97745518365,873.1621271158766,977.6257724878246,0.0,0.0
2013.0,8.0,27.0,18.0,0.0,83.59786528314486,32.454762831479876,0.0,0.0,75.30966211950212,0.0,0.0,0.0,0.0,0.0,0.0,0.0,0.2119706212766595,59.503376573672156,0.0,0.0,0.0,0.0,0.0,0.0,0.0,0.0,0.0,0.0,0.0,0.0,0.0,0.0,0.0,0.0,35.99819568010365,0.20937818028902183,638.1111808944739,955.8911274374515,94.48952193072398,691.9496497648179,0.0
2013.0,8.0,27.0,18.0,0.0,36.81420409101755,32.454762831479876,0.0,0.0,75.12580209784426,0.0,0.0,0.0,0.0,0.0,0.0,0.0,0.0,0.0,0.003134990797545465,0.0,0.0,0.0,0.0,0.0,0.0,0.0,0.0,0.0,0.0,0.0,0.0,0.0,0.0,0.0793603416306038,36.69352588458914,0.044609233794088855,0.0,61.59283586705644,0.0,0.0,0.0
2013.0,8.0,27.0,18.0,0.0,81.65026738524476,32.454762831479876,0.0,48.27709859483102,0.0,0.0,0.0,0.0,0.0,0.0,0.0,0.0,0.0,40.67921968632034,0.21485429766771463,0.0,0.0,0.0,0.0,0.0,0.0,0.0,0.0,0.0,0.0,0.0,0.0,0.0,0.0,0.0,0.0,0.01793790347790837,370.19481531196067,656.0394193827626,987.8668607034241,0.0,0.0
2013.0,8.0,27.0,18.0,0.0,21.566587852308132,32.454762831479876,0.0,6.747835619902802,0.0,0.0,0.0,0.0,0.0,0.0,0.0,0.0,0.0,60.618777959145476,0.21566053574652028,0.0,0.0,0.0,0.0,0.0,2.064823123102163,0.0,0.0,0.0,0.0,0.0,0.0,0.0,0.0,0.07934888023431694,0.0,0.0,38.30181904959693,84.30497000472789,0.0,0.0,0.0
2013.0,8.0,27.0,18.0,0.0,64.83574065536351,126.7363551094493,0.0,0.0,0.0,0.0,0.0,0.0,0.0,0.0,0.0,0.0,0.0,18.31645385343741,0.0,30.02045946318162,0.0,0.0,0.0,0.0,13.908154116361786,0.0,0.0,0.0,0.0,0.0,0.0,0.0,0.0,0.0056533133147240976,36.42561986440792,0.0,497.36443024190515,843.8243271374616,0.0,0.0,0.0
2013.0,8.0,27.0,18.0,0.0,34.58649394348101,113.55722513091949,0.0,0.0,0.0,0.0,0.0,0.0,0.0,0.0,0.0,0.0,0.0,0.0,0.21615993593863803,0.0,0.0,0.0,0.0,0.0,1.3679378634064088,0.0,0.0,0.0,0.0,0.0,0.0,0.0,0.0,0.0,36.020472953001885,0.03742380437123942,667.0244077775094,965.4683667569727,375.88239876175385,673.1617772627226,0.0
2013.0,8.0,27.0,18.0,0.0,35.550088805231894,0.0,0.0,0.0,0.0,0.0,0.0,0.0,0.0,0.0,0.0,0.0,0.0,0.0,0.0,0.0,0.0,0.0,0.0,0.0,0.0,0.0,0.0,0.0,0.0,0.0,0.0,0.0,0.0,0.07932573087773123,26.331210074101204,0.21111685735816033,675.8867663567471,937.073629993673,0.0,0.0,0.0
2013.0,8.0,27.0,18.0,0.0,84.06511255228727,12.80784900095854,192.02766685806134,0.0,0.0,0.0,0.0,0.0,0.0,0.0,0.0,0.0,0.0,0.0,0.0,2.340565724854598,0.0,0.0,0.0,0.0,7.450970838730626,0.0,0.0,0.0,0.0,0.0,0.0,0.0,0.0,0.0,11.914006067643017,0.2126522652563358,691.4547097171926,888.7565927140912,0.0,704.0890005114101,0.0
2013.0,8.0,27.0,18.0,0.0,31.524962017063405,70.9251731885613,0.0,71.6549726700927,0.0,0.0,0.0,0.0,0.0,0.0,0.0,0.0,0.0,59.28602568345836,0.21436295723973292,0.0,0.0,0.0,0.0,0.0,0.0,0.0,0.0,0.0,0.0,0.0,0.0,0.0,0.0,0.0,8.936234082896066,0.20984893390098264,672.5176780142975,945.6988883121405,0.0,0.0,0.0
2013.0,8.0,27.0,18.0,0.0,22.389921969848924,126.17300813035891,127.46458687208187,0.0,0.0,0.0,0.0,0.0,0.0,0.0,0.0,0.0,0.0,59.26119953237527,0.0,0.0,0.0,0.0,0.0,0.0,0.0,0.0,0.0,0.0,0.0,0.0,0.0,0.0,0.0,0.025919624575496632,36.089071252413255,0.2115025501585275,334.6701319804933,598.8994790778625,0.0,0.0,0.0
2013.0,8.0,27.0,18.0,0.0,77.89669424892256,61.45841695046732,0.0,0.0,0.0,0.0,0.0,0.0,0.0,0.0,0.0,0.0,0.0,0.0,0.21191942054738636,27.809044085649123,0.0,0.0,0.0,0.0,0.0,0.0,0.0,0.0,0.0,0.0,0.0,0.0,0.0,0.0,36.19104105276722,0.16353247742615654,478.9065492860747,821.2338690750329,986.1063589354767,0.0,0.0
2013.0,8.0,27.0,18.0,0.0,85.24485046879853,58.779226945958726,0.0,0.0,0.0,0.0,0.0,0.0,0.0,0.0,0.0,0.0,0.21264225340123435,0.0,0.21433338906829202,26.470514106579706,1.0404846036683184,0.0,0.0,0.0,0.0,0.0,0.0,0.0,0.0,0.0,0.0,0.0,0.0,0.0,11.1576510388685,0.20917356763290026,0.0,0.0,0.0,0.0,0.0
2013.0,8.0,27.0,18.0,0.0,45.93523732817459,0.0,0.0,0.0,0.0,0.0,0.0,0.0,0.0,0.0,0.0,0.0,0.21160875231892518,0.0,0.11328186318789264,0.0,1.0404846036683184,0.0,0.0,0.0,0.0,0.0,0.0,0.0,0.0,0.0,0.0,0.0,0.0,0.0,27.586450373159526,0.0,0.0,0.0,0.0,0.0,0.0
2013.0,8.0,27.0,18.0,0.0,10.291183505297164,126.54763970916213,0.0,0.0,0.0,0.0,0.0,0.0,0.0,0.0,0.0,0.0,0.0,0.0,0.0,0.0,1.0404846036683184,0.0,0.0,0.0,0.0,0.0,0.0,0.0,0.0,0.0,0.0,0.0,0.0,0.0,30.279344672736443,0.21025175209274585,584.7339296495286,913.8423820064472,0.0,0.0,0.0
2013.0,8.0,27.0,18.0,0.0,26.72713136324924,75.18161602714034,279.7511112904494,0.0,0.0,0.0,0.0,0.0,0.0,0.0,0.0,0.0,0.0,59.869567830648776,0.0,0.0,1.0404846036683184,0.0,0.0,0.0,0.0,0.0,0.0,0.0,0.0,0.0,0.0,0.0,0.0,0.0790177578935845,36.40662837452977,0.0,70.74016347654532,160.4285516634014,0.0,160.60636722691785,101.41283427433801
2013.0,8.0,27.0,18.0,0.0,84.98928381299145,120.74044412976761,0.0,0.0,0.0,0.0,0.0,0.0,0.0,0.0,0.0,0.0,0.0,58.90536241249203,0.0,0.0,1.0404846036683184,0.0,0.0,0.0,0.0,0.0,0.0,0.0,0.0,0.0,0.0,0.0,0.0,0.0,31.603148584800092,0.0,0.0,66.56682130272398,0.0,0.0,105.17719357872151
2013.0,8.0,27.0,18.0,0.0,0.0,125.38623195243008,0.0,0.0,0.0,0.0,0.0,0.0,0.0,0.0,0.0,0.0,0.0,60.16578085081256,0.21429365370573164,1.7876093143036498,1.0404846036683184,0.0,0.0,0.0,0.0,0.0,0.0,0.0,0.0,0.0,0.0,0.0,0.0,0.0,20.276659649144218,0.21059009653691343,158.4769574406412,312.5804425463405,0.0,0.0,0.0
2013.0,8.0,27.0,18.0,0.0,84.63239429273366,126.23097141431738,0.0,0.0,0.0,0.0,0.0,0.0,0.0,0.0,0.0,0.0,0.21009266306537783,0.0,0.0,0.0,1.0404846036683184,0.0,0.0,0.0,0.0,0.0,0.0,0.0,0.0,0.0,0.0,0.0,0.0,0.0,36.53589497785775,0.0,400.87646585960135,709.4769897629693,986.4878805941581,0.0,0.0
2013.0,8.0,27.0,18.0,0.0,84.64164489405731,58.55818282487778,198.20045615854096,0.0,64.96931810158698,0.0,0.0,0.0,0.0,0.0,0.0,0.0,0.21058992508077795,59.64745701927914,0.0,0.0,1.0404846036683184,0.0,0.0,0.0,0.0,0.0,0.0,0.0,0.0,0.0,0.0,0.0,0.0,0.0,0.0,0.0,86.94996054228424,189.23423596837955,132.55836867763938,96.1437643742709,0.0
2013.0,8.0,27.0,18.0,0.0,0.0,25.94786226438269,0.0,0.0,0.0,0.0,0.0,0.0,0.0,0.0,0.0,0.0,0.0,0.0,0.0,0.0,1.0404846036683184,0.0,0.0,0.0,0.0,0.0,0.0,0.0,0.0,0.0,0.0,0.0,0.0,0.0,36.38491362428361,0.0,667.381304592744,967.9429227121356,0.0,0.0,105.1454255817622
2013.0,8.0,27.0,18.0,0.0,10.421383789401517,127.06412106916662,240.59688767618914,0.0,0.0,0.0,0.0,0.0,0.0,0.0,0.0,0.0,0.0,60.51051955410666,0.0,0.0,1.0404846036683184,0.0,0.0,0.0,0.0,0.0,0.0,0.0,0.0,0.0,0.0,0.0,0.0,0.0,2.3512413274282284,0.21083201915497807,676.8479437269528,945.3059117055238,992.1530436520743,0.0,0.0
2013.0,8.0,27.0,18.0,0.0,83.5166975602731,44.710855695814665,0.0,0.0,74.5385365553567,0.0,0.0,0.0,0.0,0.0,0.0,0.0,0.0,0.0,0.0,0.0,1.0404846036683184,0.0,0.0,0.0,0.0,0.0,0.0,0.0,0.0,0.0,0.0,0.0,0.0,0.0787967577993188,0.0,0.13169513761147503,175.25613259122824,340.2273379867392,0.0,368.0552041484408,0.0
2013.0,8.0,27.0,18.0,0.0,42.451662224971635,0.0,0.0,19.279419711159193,75.15487169219324,0.0,0.0,0.0,0.0,0.0,0.0,0.0,0.0,0.0,0.21486383888964877,0.0,1.0404846036683184,0.0,0.0,0.0,5.16979663430668,0.0,0.0,0.0,0.0,0.0,0.0,0.0,0.0,0.00650215756187666,35.07132222620002,0.20752710233278646,652.6005456520701,964.4592594848534,0.0,0.0,0.0
2013.0,8.0,27.0,18.0,0.0,55.54552684141579,110.48797434486397,0.0,0.0,0.0,0.0,0.0,0.0,0.0,0.0,0.0,0.0,0.2120059483257712,0.0,0.0,0.0,1.0404846036683184,0.0,0.0,0.0,0.0,0.0,0.0,0.0,0.0,0.0,0.0,0.0,0.0,0.0,0.0,0.20866233321877853,674.6249528145228,956.948766401181,0.0,0.0,0.0
2013.0,8.0,27.0,18.0,0.0,52.161519417903314,34.64160107262479,0.0,0.0,0.0,0.0,0.0,0.0,0.0,0.0,0.0,0.0,0.0,0.0,0.21474888475098447,0.0,1.0404846036683184,0.0,0.0,0.0,2.664031355334604,0.0,0.0,0.0,0.0,0.0,0.0,0.0,0.0,0.0790205260642835,0.0,0.0,676.655608606849,939.4071547762816,917.4211172676814,0.0,0.0
2013.0,8.0,27.0,18.0,0.0,22.389719287549774,116.67024143772554,0.0,0.0,0.0,0.0,0.0,0.0,0.0,0.0,0.0,0.0,0.21476409003576113,7.782128830251739,0.0,0.0,1.0404846036683184,0.0,0.0,0.0,0.0,0.0,0.0,0.0,0.0,0.0,0.0,0.0,0.0,0.0,36.227968461495166,0.0,0.0,54.92218499998738,0.0,0.0,0.0
2013.0,8.0,27.0,18.0,60.3914305981877,61.70535115386805,126.28341187098277,0.0,96.9765405849522,0.0,0.0,0.0,0.0,0.0,0.0,0.0,0.0,0.0,59.28554629266192,0.2146127647883973,30.590604680291662,1.0404846036683184,0.0,0.0,0.0,0.0,0.0,0.0,0.0,0.0,0.0,0.0,0.0,0.0,0.0,35.52172530825508,0.1494168537300384,0.0,0.0,0.0,0.0,0.0
2013.0,8.0,27.0,18.0,111.27134396968954,0.0,0.0,104.28993104097714,8.912931698400694,0.0,0.0,0.0,0.0,0.0,0.0,0.0,0.0,0.21009182472815818,60.70555238047062,0.0,0.0,1.0404846036683184,0.0,0.0,0.0,0.0,0.0,0.0,0.0,0.0,0.0,0.0,0.0,0.0,0.0,36.21089091686365,0.0,0.0,69.45342556917066,0.0,0.0,0.0
2013.0,8.0,27.0,18.0,108.29847051566142,56.824951910702325,35.612062434938906,0.0,0.0,0.0,0.0,0.0,30.360349664224646,0.0,4.140403541140738,0.0,0.0,0.21190704398245694,0.0,0.21460187329565897,7.164540449952793,1.0404846036683184,0.0,0.0,0.0,0.0,0.0,0.0,0.0,0.0,0.0,0.0,0.0,23.466246541537668,0.060397396384408025,36.414634819922405,0.18422279307251047,681.5889906219982,925.0709876384999,977.920526122371,0.0,0.0
2013.0,8.0,27.0,18.0,110.8383921995977,50.777656958770955,23.330296267336205,0.0,0.0,74.9875002596865,0.0,0.0,5.733341431818729,0.0,0.0,0.0,0.0,0.0,55.30792323867628,0.0,30.40849558625304,1.0404846036683184,0.0,0.0,0.0,0.0,0.0,0.0,0.0,0.0,0.0,0.0,0.0,5.730261153459374,0.0,36.69425038662375,0.007697370277802372,671.529847480693,952.8094700802716,0.0,0.0,0.0
2013.0,8.0,27.0,18.0,111.03189735988789,59.23659018419673,122.75088964897398,0.0,0.0,0.0,0.0,0.0,0.0,0.0,26.333303945218457,0.0,0.0,0.0,0.0,0.0,0.0,1.0404846036683184,0.0,0.0,0.0,0.0,0.0,0.0,0.0,0.0,0.0,0.0,0.0,0.0,0.0,35.93966181775725,0.20736579629164828,581.7985453039653,911.9659031043817,0.0,541.5195613141584,0.0
2013.0,8.0,27.0,18.0,0.0,4.857219292732682,126.56061852890967,23.688324204046197,0.0,0.0,0.0,0.0,0.0,0.0,25.242316706989488,0.0,0.0,0.21182906156627895,0.0,0.0,15.202324871421895,1.0404846036683184,0.0,0.0,0.0,0.0,0.0,0.0,0.0,0.0,0.0,0.0,0.0,0.0,0.0,0.0,0.21150456109166757,573.0184423506939,906.2444882443812,980.9430330934671,0.0,0.0
2013.0,8.0,27.0,18.0,110.94233395683236,84.76936657321046,32.45530417775454,0.0,0.0,0.0,0.0,0.0,0.0,0.0,0.0,0.0,0.0,0.21351399872424337,0.0,0.0,24.96905663553562,1.0404846036683184,0.0,0.0,0.0,0.0,0.0,0.0,0.0,0.0,0.0,0.0,0.0,0.0,0.07912406002795595,19.364132725509943,0.0,430.2868647700712,754.0524508316914,283.19035688651604,0.0,0.0
2013.0,8.0,27.0,18.0,110.88299025412732,31.91611124284919,38.62506821062419,0.0,0.0,0.0,3.7383129755059348,0.0,0.0,0.0,2.328132514226833,0.0,0.0,0.0,0.0,0.04077281439323102,0.0,1.0404846036683184,0.0,0.0,0.0,0.0,0.0,0.0,0.0,0.0,0.0,0.0,0.0,0.0,0.0,35.588466379840916,0.021972162940966194,677.2715944714545,942.7508937368464,984.0834955133454,0.0,0.0
2013.0,8.0,27.0,18.0,52.20498751687654,83.87100487572168,3.100906541726208,0.0,0.0,0.0,0.0,0.0,2.941520666891715,0.0,0.0,78.6740215698593,1.1624523682368875,0.0,60.47255871733882,0.0,0.0,1.0404846036683184,0.0,0.0,0.0,0.0,0.0,0.0,21.800872489456,0.8084616410510697,0.0,1.8429203219269559,0.0,2.598281074933335,0.0,21.72060330569233,0.0,0.0,0.0,0.0,0.0,54.03167225835675
2013.0,8.0,27.0,18.0,111.93911849708768,84.05177481014442,88.86316331632025,30.484355324323953,0.0,0.0,0.0,0.0,0.0,0.0,26.539817401814915,194.3641818633375,0.0,0.21344150232746342,60.281745290251095,0.21565645385186652,0.0,1.0404846036683184,0.0169269381750898,0.0,0.0,9.425875905955982,15.243069141823915,100.74958297091652,2.158193121951868,0.7987448993769936,0.0,0.471982392766951,0.0,51.88926763904975,0.07917871939854454,36.22838768910087,0.09663029669067928,676.0231436335207,947.944542525152,0.0,0.0,22.587300206239497
2013.0,8.0,27.0,18.0,5.511084914802984,84.86647384593108,15.940077612519637,0.0,0.0,0.0,0.0,0.0,0.0,0.0,25.472125049291954,195.32292530195997,0.0,0.0,0.0,0.0,0.0,1.0404846036683184,0.0,0.0,0.0,2.15341436009601,0.0,99.58601919042773,1.5921239052385219,0.813645173527277,0.0,0.0,0.0,30.506200188440538,0.02040335145594512,36.370568752442836,0.20825775633071011,677.5471627359651,932.686325729514,0.0,0.0,0.0
2013.0,8.0,27.0,18.0,111.00045286775389,83.10606500245862,27.036512632321042,0.0,0.0,0.0,0.0,0.0,4.744070773227276,0.0,26.0474233012789,189.99443689523184,0.0,0.2121412603237133,0.0,0.2158768917983071,0.0,1.0404846036683184,0.0,0.0,0.0,0.0,35.10017564638025,12.894269840277016,22.11854410028988,0.0,0.0,0.0,0.0,32.73160951459285,0.07902748368774147,31.6033335589501,0.21047337268207755,441.8130320636645,771.0132747903845,89.16198142030494,58.898297641051435,0.0
2013.0,8.0,27.0,18.0,111.19037535110778,58.11687242183163,126.04229989606652,0.0,0.0,0.0,0.0,1.216142753531762,0.0,0.033574508818942424,0.0,0.0,0.0,0.0,60.319913115234925,0.0,0.0,1.0404846036683184,0.0,0.0,0.0,0.0,0.0,10.514380669480387,21.919008003271188,0.8098597419154712,0.0,0.0,13.267439880720744,0.0,0.0,35.92582910368342,0.0,47.51896237261615,97.44679445926127,0.0,0.0,0.0
2013.0,8.0,27.0,18.0,111.46999940604185,38.25327420321356,102.16575097241575,0.0,0.0,0.0,0.0,0.0,0.0,0.0,0.0,0.0,0.0,0.0,58.94469671119443,0.0,19.077160074988157,1.0404846036683184,0.0,0.0,0.0,2.900656786314255,0.0,100.85027165869873,22.107008851061597,0.0,0.0,0.0,0.0,0.0,0.0,9.419135074052083,0.2109648640556191,674.3392414374591,949.9009495141487,0.0,0.0,0.0
2013.0,8.0,27.0,18.0,111.60279338524965,76.76240078867201,0.0,16.63560696963633,0.0,0.0,0.0,0.0,0.0,0.0,0.0,160.0150864289381,0.0,0.2131792666601735,58.910629212325716,0.0,0.0,1.0404846036683184,0.0,0.0,0.0,0.0,0.0,73.839182182688,22.002614488601772,0.39704758184716604,2.011638428035702,0.29135560819314177,0.0,45.75451581141471,0.0,36.32952262863065,0.0,0.0,0.0,0.0,0.0,101.9606717730843
2013.0,8.0,27.0,18.0,110.6592951350415,11.664490855718144,126.52814360518997,0.0,0.0,0.0,0.0,0.0,0.0,0.0,0.0,192.42242761025304,0.0,0.0,59.69421787047734,0.0,0.0,1.0404846036683184,0.0,0.0,0.0,0.0,0.0,100.46457052514911,0.0,0.0,0.0,0.0,0.0,34.16269237889834,0.005059196168842732,15.912626112557536,0.0,681.5667641594189,925.0073221584862,136.6950395250767,0.0,0.0
2013.0,8.0,27.0,18.0,22.825794508759785,49.081365058338406,78.2743853215206,0.0,0.0,0.0,2.6901873309204367,0.0,0.0,0.0,0.0,0.0,1.165295269755012,0.0,0.0,0.21486409432936296,0.0,1.0404846036683184,0.004603688804334136,0.0,0.0,0.0,0.0,100.67247082815487,18.936504740176975,0.0,0.0,0.0,0.0,10.794993207511116,0.0,36.53056409254336,0.2076589086589613,0.0,0.0,0.0,0.0,0.0
2013.0,8.0,27.0,18.0,105.85922550682358,84.13671010942831,41.59994659503184,0.0,0.0,0.0,0.0,0.0,0.0,0.0,0.0,192.28044948133464,1.163911229090651,0.0,0.0,0.2143610883709878,0.0,1.0404846036683184,0.0,0.0,0.0,0.0,34.797308144515604,98.41055013356261,21.947565158467174,0.0,0.0,0.4122989014344457,0.0,49.65577045020402,0.0,36.27310958884562,0.0,193.11483542599223,369.4633146877778,0.0,703.9511729229341,0.0
2013.0,8.0,27.0,18.0,111.29294913406027,40.02607392330139,102.43043143302737,0.0,0.0,74.96905588425804,0.0,0.0,0.0,0.0,25.842966405230424,188.46767854675522,0.0,0.21225546270897297,58.51225349778003,0.0,0.0,1.0404846036683184,0.0,0.0,0.0,0.0,0.0,57.36239257008304,0.0,0.6122958865195686,0.0,0.0,0.0,38.40754036661434,0.0,0.0,0.21180294288575996,62.763062413280686,146.35904992744943,970.5308235526244,0.0,0.0
2013.0,8.0,27.0,18.0,11.184979101300286,21.25884972903909,82.80199198221304,0.0,0.0,0.0,0.0,0.0,41.07614194219879,0.04140999485616545,0.0,190.70560500435883,0.0,0.0,60.18789074915801,0.0,0.0,1.0404846036683184,0.0,0.0,0.0,0.0,0.0,100.33398056977205,0.0,0.228732774230839,0.0,0.0,0.0,18.713540749144364,0.008778239211558516,35.62215725953969,0.21002702818451774,39.66992550347719,86.81284350710702,0.0,0.0,103.95763391695412
2013.0,8.0,27.0,18.0,111.01028992971642,0.0,126.23189421773162,0.0,0.0,0.0,0.0,0.0,9.245376136493945,0.0,0.0,0.0,0.0,0.0,50.66938064636116,0.21484250981791067,0.0,1.0404846036683184,0.0,0.0,0.0,0.0,0.0,0.0,0.0,0.3414175286148378,0.0,0.0,0.0,8.35695314396449,0.0,0.0,0.21121052026813092,27.949941083566262,70.55729632573575,0.0,0.0,0.0
2013.0,8.0,27.0,18.0,111.23277259225094,83.10025639369123,126.18786143248994,0.0,0.0,0.0,0.0,0.0,0.0,0.0,25.994289268151796,32.726364948262066,0.0,0.21156603730552048,0.0,0.0,1.604792167912748,1.0404846036683184,0.0,0.0,0.0,0.3158443137268141,0.0,0.0,22.499063295511647,0.0,0.0,0.0,0.0,8.842577501015224,0.0,36.020077205803055,0.0,0.0,0.0,0.0,0.0,23.75615115086093
2013.0,8.0,27.0,18.0,44.71354226185426,5.687401946360265,124.8918954008363,0.0,0.0,0.0,0.0,0.0,0.0,0.0,10.26709503203765,194.28133889040276,0.0,0.21195000125278374,0.0,0.0,0.0,1.0404846036683184,0.0,0.0,0.0,2.3489850186039907,0.0,0.0,22.416789244161674,0.0,0.0,0.0,0.0,27.873323726050394,0.06186134650298094,36.439478616879846,0.0,0.0,43.51020821753995,0.0,690.9688301592448,0.0
2013.0,8.0,27.0,18.0,12.563216375967759,51.98743929986746,123.96710261149644,0.0,0.0,0.0,0.0,0.0,0.0,0.00927157083586721,0.0,0.0,1.1601951962564803,0.0,0.0,0.2144956117139164,0.0,1.0404846036683184,0.0,0.0,0.0,0.0,0.0,89.33215741238172,0.0,0.0452328006418369,0.0,0.0,0.0,6.687997834448857,0.0,0.0,0.0,509.9554723885753,858.317166257964,0.0,0.0,0.0
2013.0,8.0,27.0,18.0,111.42748702164319,60.17514410843724,40.367584054388686,0.0,10.93075538893772,0.0,0.0,0.964867313125855,0.0,0.07583356369789115,0.0,0.0,0.0,0.0,8.806237967234129,0.0,0.0,1.0404846036683184,0.0,0.0,0.0,0.0,0.0,97.1317768267677,0.0,0.1929044927115153,0.0,0.0,48.03030783432412,11.593021557169427,0.0,33.390009555765914,0.2073848707501018,514.7026204482655,864.2917524802957,0.0,0.0,0.0
2013.0,8.0,27.0,18.0,110.27768145222242,0.0,126.56874577098301,0.0,12.586431531734434,0.0,0.0,0.31011002017258155,0.0,0.0,0.0,194.385777638895,0.0,0.0,50.41438536481267,0.0,0.0,1.0404846036683184,0.0,0.0,0.0,0.0,3.3929734900191497,97.96878395904373,0.0,0.6811462179761004,0.0,2.617746784092769,0.0,40.70817219825889,0.0,36.456132903633495,0.0,677.4960970371371,932.3718279494525,0.0,0.0,0.0
2013.0,8.0,27.0,18.0,110.69536542414266,83.94598974204293,126.51140441943842,0.0,0.0,0.0,0.0,0.0,0.0,0.0,0.0,196.11713408534854,0.0,0.0,12.613189277310374,0.0,30.467674030229432,1.0404846036683184,0.012020977183231744,0.0,0.0,0.0,0.0,0.0,22.091875616127474,0.0,0.0,0.6845499445031795,0.0,51.948701594411475,0.0,27.75722142428554,0.0,678.1501412177503,934.64981711574,67.90273680172069,0.0,0.0
2013.0,8.0,27.0,18.0,28.428124466606743,69.06877824588996,41.95912508825074,0.0,92.95787533148186,75.03139484064633,0.0,0.0,39.22428254833919,0.0,25.755273316273623,0.0,0.32473991469386027,0.21145738944569809,0.0,0.2150838049612488,0.0,1.0404846036683184,0.012874050864297819,0.0,0.0,0.0,34.934945408389666,0.0,0.0,0.23613621412974575,0.0,0.0,0.0,0.0,0.0,35.524361374800414,0.0,684.2971665956741,911.8437429275117,0.0,0.0,0.0
2013.0,8.0,27.0,18.0,0.0,81.70879292725576,13.919486940486209,175.85789457644378,0.0,0.0,0.0,0.0,0.0,0.0,0.0,0.0,0.0,0.21267051518460703,56.468753964569174,0.21565334201324415,12.62261840733833,1.0404846036683184,0.012874050864297819,0.0,0.0,0.0,34.14064798339128,100.54836715327293,3.026452387203025,0.7867794951393374,0.0,0.0,0.0,4.978197536362608,0.0,0.0,0.0,0.0,0.0,224.28734620474506,0.0,0.0
